name,cuisine,cost,img_link,rating,n_ratings,address
Entre-Nous creperie,"French, European",$$ - $$$,https://media-cdn.tripadvisor.com/media/photo-s/26/af/3e/00/roasted-chicken-wholegrain.jpg,5.0,"1,659","27 Seah Street # 01-01, Singapore 188383 Singapore"
The Mind Cafe,Cafe,$$ - $$$,https://media-cdn.tripadvisor.com/media/photo-s/18/97/fb/66/sofa-section.jpg,5.0,531,"60A Prinsep Street, Singapore 188664 Singapore"
The White Label,"French, Fusion",$$ - $$$,https://media-cdn.tripadvisor.com/media/photo-f/1c/92/af/51/ondeh-ondeh-gateau.jpg,5.0,171,"734 North Bridge Road, Singapore 198702 Singapore"
The Courtyard,"Japanese, Indian",$$$$,https://media-cdn.tripadvisor.com/media/photo-s/0e/ce/74/7a/the-north-courtyard.jpg,4.5,"1,497","1 Fullerton Square Fullerton Hotel The Fullerton Hotel, Singapore 049178 Singapore"
Positano Risto,"Italian, Pizza",$$ - $$$,https://media-cdn.tripadvisor.com/media/photo-s/19/07/ea/a3/signature-whole-boston.jpg,5.0,"1,978","66 Bussorah Street, Singapore 199479 Singapore"
Waterfall Ristorante Italiano,"Italian, Mediterranean",$$ - $$$,https://media-cdn.tripadvisor.com/media/photo-s/13/a6/20/0f/interior.jpg,4.5,"1,413","22 Orange Grove Road Shangri-La Hotel Garden Wing, Shangri-La Hotel, Singapore 258350 Singapore"
Rosso Vino,"Italian, Pizza",$$ - $$$,https://media-cdn.tripadvisor.com/media/photo-p/21/fa/21/ba/pizza-ai-frutti-di-mare.jpg,4.5,"2,290","15 Merbau Road Next Robertson Quay Hotel, Singapore 239032 Singapore"
NOX - Dine In The Dark,"European, Fusion",$$$$,https://media-cdn.tripadvisor.com/media/photo-s/14/45/4c/13/sample-dish-from-nox.jpg,4.5,"2,228","83 Club Street, Singapore 069451 Singapore"
Loulou - French Cuisine & Wine Bar,"French, Mediterranean",$$ - $$$,https://media-cdn.tripadvisor.com/media/photo-s/24/90/18/da/outdoor.jpg,5.0,155,"6 Keong Saik Road, Singapore 089114 Singapore"
Paulaner Brauhaus Singapore,"German, Bar",$$ - $$$,https://media-cdn.tripadvisor.com/media/photo-f/17/23/3f/d4/pork-knuckle-with-a-freshly.jpg,4.5,"1,116","9 Raffles Boulevard Millenia Walk #01-01 Millenia Walk, Singapore 039596 Singapore"
Merci Marcel Club Street,"French, European",$$ - $$$,https://media-cdn.tripadvisor.com/media/photo-p/18/81/8a/88/merci-marcel-club-street.jpg,5.0,239,"9 Club Street, Singapore 069404 Singapore"
Grand Shanghai Restaurant,"Chinese, Asian",$$ - $$$,https://media-cdn.tripadvisor.com/media/photo-s/19/9f/fe/46/grand-shanghai-main-dining.jpg,5.0,650,"390 Havelock Road King's Centre, Singapore 169662 Singapore"
Colony,"Asian, Singaporean",$$$$,https://media-cdn.tripadvisor.com/media/photo-s/14/74/ad/6d/colony-entrance.jpg,4.5,"2,819","7 Raffles Avenue Ritz Carlton Millenia Singapore The Ritz-Carlton, Millenia, Singapore 039799 Singapore"
Lobby Lounge at Conrad Centennial Singapore,"Wine Bar, Singaporean",$$ - $$$,https://media-cdn.tripadvisor.com/media/photo-s/16/f3/ca/06/lobby-lounge-interior.jpg,4.5,653,"2 Temasek Boulevard Conrad Centennial Singapore, Singapore 038982 Singapore"
Merci Marcel Orchard,"French, Cafe",$$ - $$$,https://media-cdn.tripadvisor.com/media/photo-s/19/a8/54/ba/patio.jpg,5.0,251,"390 Orchard Road Palais Renaissance 01-03 to 04 Palais Renaissance, Singapore 238871 Singapore"
FBG - Fat Belly,Steakhouse,$$ - $$$,https://media-cdn.tripadvisor.com/media/photo-s/25/a7/60/0b/fat-belly.jpg,5.0,438,"10 Jalan Serene #01-04 Serene Centre Serene Centre, Singapore 258748 Singapore"
Shivam Restaurant,"Indian, Asian",$$ - $$$,https://media-cdn.tripadvisor.com/media/photo-s/15/76/03/97/it-has-been-pouring-lately.jpg,5.0,222,"87 Syed Alwi Road, Singapore 207666 Singapore"
Publico Ristorante,"Italian, Pizza",$$ - $$$,https://media-cdn.tripadvisor.com/media/photo-s/11/69/61/f1/publico-interiror.jpg,5.0,"1,817","1 Nanson Road Intercontinental Singapore Robertson Quay InterContinental Singapore Robertson Quay, Singapore 238909 Singapore"
Fu Lin Men (NSRCC),"Chinese, Seafood",$,https://media-cdn.tripadvisor.com/media/photo-s/1c/58/2e/97/fu-lin-men-nsrcc.jpg,5.0,206,"10 Changi Coast Walk Level 1 National Service Resort & Country Club, Singapore 499739 Singapore"
French Fold Telok Ayer,"French, Cafe",$$ - $$$,https://media-cdn.tripadvisor.com/media/photo-p/1c/7c/ac/58/photo2jpg.jpg,5.0,119,"204 Telok Ayer Street, Singapore 068640 Singapore"
25 Degrees,"American, Bar",$$ - $$$,https://media-cdn.tripadvisor.com/media/photo-s/0e/e0/33/87/25-degrees-from-outside.jpg,4.5,591,"200 Middle Road Hotel G Singapore Ground Floor, Hotel G Singapore, Singapore 188980 Singapore"
Portman's Bar,"Bar, Cafe",$$$$,https://media-cdn.tripadvisor.com/media/photo-s/1d/67/37/96/atrium-lounge-set-against.jpg,5.0,287,"6 Raffles Boulevard Marina Square Level 4 At Parkroyal Collection Marina Bay, Singapore 039594 Singapore"
Song Garden,"Chinese, Asian",$$$$,https://media-cdn.tripadvisor.com/media/photo-s/26/3e/88/8b/caption.jpg,5.0,319,"122 Middle Road Mercure Singapore Bugis Level 2, Singapore 188973 Singapore"
Oscar's,"Singaporean, International",$$ - $$$,https://media-cdn.tripadvisor.com/media/photo-s/16/f3/bd/01/oscar-s-interior.jpg,4.5,"2,325","2 Temasek Boulevard Conrad Centennial, Lobby Level, Singapore 038982 Singapore"
Le Noir Bar & Lounge,"International, Bar",$$ - $$$,https://media-cdn.tripadvisor.com/media/photo-s/18/f4/01/a4/inside-of-le-noir-offers.jpg,5.0,248,"2 Bayfront Avenue Marina Bay Sands #01-84 The Shoppes at Marina Bay Sands, Singapore 018972 Singapore"
Akira Back,"Japanese, International",$$$$,https://media-cdn.tripadvisor.com/media/photo-s/17/7f/a4/31/akira-back-yukhoe.jpg,4.5,"1,066","30 Beach Road, Access via Nicoll Highway JW Marriott Hotel Singapore South Beach, Singapore 189763 Singapore"
Fu Lin Men Chinese Restaurant (SRC),"Chinese, Asian",$$ - $$$,https://media-cdn.tripadvisor.com/media/photo-s/1b/ba/5e/3d/fu-lin-men-chinese-restaurant.jpg,5.0,193,"B Connaught Drive, S179682 Level 2, Singapore Recreation Club, Singapore 179682 Singapore"
Fu Lin Men Cantonese Dining,"Chinese, Asian",$$ - $$$,https://media-cdn.tripadvisor.com/media/photo-p/1d/0f/20/a1/takeaway-20-off-whole.jpg,5.0,291,"21 Amber Road Chinese Swimming Club, Singapore 439870 Singapore"
Flnt,"Peruvian, Japanese",$$ - $$$,https://media-cdn.tripadvisor.com/media/photo-f/1c/80/5d/45/sunset-drinks-at-the.jpg,5.0,125,"Level 55, 2 Orchard Turn ION Orchard, Singapore 238801 Singapore"
The Lobby Lounge at InterContinental Singapore,"Asian, Bar",$$$$,https://media-cdn.tripadvisor.com/media/photo-s/0a/82/db/59/royal-heritage-afternoon.jpg,4.5,675,"80 Middle Road Level 1, InterContinental Singapore, Singapore 188966 Singapore"
il Cielo,"Italian, Pizza",$$$$,https://media-cdn.tripadvisor.com/media/photo-s/26/01/ef/0a/enjoy-hearty-italian.jpg,4.5,593,"581 Orchard Road Level 24, Voco Orchard Singapore, Singapore 238883 Singapore"
Dolce Vita,"Italian, European",$$$$,https://media-cdn.tripadvisor.com/media/photo-s/10/a4/6b/c4/dolce-vita-fine-italian.jpg,4.5,864,"5 Raffles Avenue, Marina Square, Singapore 039797 Singapore"
Asian Market Cafe,"Asian, Singaporean",$$ - $$$,https://media-cdn.tripadvisor.com/media/photo-s/18/8c/5a/5c/asian-market-cafe-interior.jpg,4.5,947,"80 Bras Basah Road, Singapore 189560 Singapore"
Melt Cafe,International,$$$$,https://media-cdn.tripadvisor.com/media/photo-s/10/a4/6d/9d/melt-cafe-international.jpg,4.5,"1,999","5 Raffles Avenue, Marina Square, Singapore 039797 Singapore"
Chef's Table by Chef Stephan Zoisl,"French, European",$$$$,https://media-cdn.tripadvisor.com/media/photo-s/0d/53/84/0c/hamachi-dill-celery-creme.jpg,5.0,453,"61 Tras Street, Singapore 079000 Singapore"
KOMA Singapore,"Japanese, Sushi",$$$$,https://media-cdn.tripadvisor.com/media/photo-s/18/e9/3b/29/koma-main-dining-room.jpg,4.5,"1,074","The Shoppes at Marina Bay Sands, 2 Bayfront Ave, #B1-67, Singapore 018972 Singapore"
Soi Aroy,"Asian, Thai",$,https://media-cdn.tripadvisor.com/media/photo-s/1b/25/4d/3e/spread-the-word-authentic.jpg,5.0,198,"1 Rochor Canal Road Sim Lim Square 02-08 Sim Lim Square, Singapore 188504 Singapore"
Beach Road Kitchen,"Seafood, International",$$ - $$$,https://media-cdn.tripadvisor.com/media/photo-s/17/9b/f8/3b/restaurant-interiors.jpg,4.5,"1,479","30 Beach Road, Access Via Nicoll Highway JW Marriott Hotel Singapore South Beach, Singapore 189763 Singapore"
Zazz Pizza,"Italian, Pizza",$$ - $$$,https://media-cdn.tripadvisor.com/media/photo-p/19/9b/dc/62/parma-burrata-pizza-with.jpg,5.0,212,"18 Cross Street Cross Street Exchange #01-108 Cross Street Exchange, Singapore 048423 Singapore"
Heart of Darkness,"Mexican, Beer restaurants",$$ - $$$,https://media-cdn.tripadvisor.com/media/photo-f/17/7c/2d/77/line-up.jpg,5.0,187,"1 Keong Saik Road, Singapore 089109 Singapore"
Leo Cafe & Restaurant,"Cafe, Asian",$$ - $$$,https://media-cdn.tripadvisor.com/media/photo-s/02/f8/ae/44/leo-cafe-restaurant.jpg,4.5,486,"23 Middle Road #02-00 Populous Hotel Populous Hotel, Singapore 188933 Singapore"
Beast & Butterflies,"Asian, Fusion",$$ - $$$,https://media-cdn.tripadvisor.com/media/photo-s/0c/86/af/93/beast-butterflies.jpg,4.5,902,"90 Robertson Quay, Singapore 238259 Singapore"
Spago Bar & Lounge,"Bar, International",$$$$,https://media-cdn.tripadvisor.com/media/photo-s/11/24/c9/94/getlstd-property-photo.jpg,4.5,683,"10 Bayfront Avenue Marina Bay Sands Tower 2 Floor 57 Marina Bay Sands, Singapore 018956 Singapore"
The Orchard Cafè,"Cafe, Asian",$$ - $$$,https://media-cdn.tripadvisor.com/media/photo-s/23/60/71/b6/charcoal-bbq.jpg,4.5,610,"442 Orchard Road Orchard Hotel Singapore The Orchard Hotel Singapore, Singapore 238879 Singapore"
Ginett Restaurant & Wine Bar,"French, Bar",$$ - $$$,https://media-cdn.tripadvisor.com/media/photo-s/12/2a/6a/87/ginett-restaurant-wine.jpg,4.5,"1,251","200 Middle Road Hotel G Singapore, Singapore 188980 Singapore"
Winestone,"Bar, European",$$ - $$$,https://media-cdn.tripadvisor.com/media/photo-s/18/44/04/44/150-days-grain-fed-ms2.jpg,4.5,473,"30 Stevens Road #01-09, Singapore 257840 Singapore"
En Sushi,"Japanese, Sushi",$$ - $$$,https://media-cdn.tripadvisor.com/media/photo-s/15/34/f4/f5/assorted-sushi.jpg,4.5,382,"112 Middle Road Midland House #01-00B Midland House, Singapore 188970 Singapore"
ShuKuu Izakaya & Sake Bar,"Japanese, Bar",$$ - $$$,https://media-cdn.tripadvisor.com/media/photo-s/1b/88/93/67/meatball-and-pork-belly.jpg,4.5,646,"8 Stanley Street, Singapore 068727 Singapore"
Golden Peony at Conrad Centennial Singapore,"Chinese, Asian",$$$$,https://media-cdn.tripadvisor.com/media/photo-s/16/ee/9f/03/interior-of-golden-peony.jpg,4.5,515,"2 Temasek Boulevard Condrad Hotels & Resorts, Singapore 038982 Singapore"
Baba Chews Bar and Eatery,"Asian, Singaporean",$$ - $$$,https://media-cdn.tripadvisor.com/media/photo-s/17/15/66/ab/chilli-crab-tagliatelle.jpg,4.5,532,"86 E East Coast Road Katong Square Katong Square, Singapore 428788 Singapore"
The Line,"Seafood, Asian",$$ - $$$,https://media-cdn.tripadvisor.com/media/photo-s/15/b1/be/a2/the-line-buffet.jpg,4.5,"3,336","22 Orange Grove Road Shangri-La Hotel Tower Wing, Lower Lobby, Singapore 258350 Singapore"
Republic,"Seafood, International",$$$$,https://media-cdn.tripadvisor.com/media/photo-s/1d/1b/4a/84/republic-bar.jpg,4.5,468,"7 Raffles Avenue Ritz Carlton Millenia Singapore The Ritz-Carlton, Millenia Singapore, Singapore 039799 Singapore"
Black Tap - Singapore,"American, Bar",$$ - $$$,https://media-cdn.tripadvisor.com/media/photo-s/23/8c/9e/c5/caption.jpg,4.5,679,"10 Bayfront Avenue Marina Bay Sands, Singapore 018956 Singapore"
Cassia Restaurant,"Chinese, Asian",$$$$,https://media-cdn.tripadvisor.com/media/photo-s/02/3b/fe/1e/cassia-restaurant.jpg,4.5,308,"1 The Knolls Capella Hotel, Singapore 098297 Singapore"
Merci Marcel Tiong Bahru,"Cafe, Central European",$$ - $$$,https://media-cdn.tripadvisor.com/media/photo-s/1c/5b/0a/f9/photo1jpg.jpg,4.5,398,"56 Eng Hoon Street Tiong Bahru Estate Tiong Bahru, Singapore 160056 Singapore"
Alley on 25,"International, Singaporean",$$ - $$$,https://media-cdn.tripadvisor.com/media/photo-s/11/be/18/78/icehaus-selections.jpg,4.5,632,"5 Fraser Street Level 25 Andaz Singapore, Singapore 189354 Singapore"
Meat N' Chill,"American, Steakhouse",$$ - $$$,https://media-cdn.tripadvisor.com/media/photo-s/1d/bc/44/81/cheesecake-with-a-scoop.jpg,4.5,480,"805 Bukit Timah Road Sixth Avenue Centre #01-04, Singapore 279883 Singapore"
Mr Stork,Bar,$$ - $$$,https://media-cdn.tripadvisor.com/media/photo-s/12/0c/8b/8f/mr-stork-andaz-singapore.jpg,4.5,598,"5 Fraser Street Andaz Singapore Level 39, Andaz Singapore - a concept by Hyatt, Singapore 189354 Singapore"
My Awesome Cafe,"French, Bar",$$ - $$$,https://media-cdn.tripadvisor.com/media/photo-p/1a/ac/60/fd/my-awesome-cafe.jpg,4.5,"1,257","202 Telok Ayer Street, Singapore 068639 Singapore"
Takeshi Noodle Bar,"Japanese, Asian",$$ - $$$,https://media-cdn.tripadvisor.com/media/photo-s/1e/d8/e7/f1/takeshi-noodle-bar.jpg,4.5,556,"12 Teck Lim Road Hotel Soloha, Singapore 088387 Singapore"
Yardbird Southern Table & Bar,"American, Bar",$$ - $$$,https://media-cdn.tripadvisor.com/media/photo-s/22/89/2f/97/chicken-n-watermelon.jpg,4.5,923,"2 Bayfront Avenue Marina Bay Sands B1-07, L1-82 The Shoppes, Marina Bay Sands, Singapore 018972 Singapore"
Hummus & Tandoor,"Lebanese, Turkish",$$ - $$$,https://media-cdn.tripadvisor.com/media/photo-s/19/18/ee/cc/26.jpg,4.5,301,"58 Arab Street, Singapore 199755 Singapore"
Kinou,"Wine Bar, French",$$ - $$$,https://media-cdn.tripadvisor.com/media/photo-s/1d/7e/b5/fa/welcome-to-kinou.jpg,4.5,191,"2 Teck Lim Road, Singapore 088380 Singapore"
Astor Bar,"Bar, Wine Bar",$$$$,https://media-cdn.tripadvisor.com/media/photo-s/19/96/ef/f5/photo1jpg.jpg,4.5,246,"29 Tanglin Road St. Regis Hotel Singapore The St. Regis Singapore level 1, Singapore 247911 Singapore"
Coucou Hotpot I12 Katong,"Asian, Taiwanese",$$ - $$$,https://media-cdn.tripadvisor.com/media/photo-s/26/cf/19/e5/front-facade.jpg,5.0,186,"112 E East Coast Road #04-05 112 Katong, Singapore 428802 Singapore"
Mott 32,"Chinese, Contemporary",$$$$,https://media-cdn.tripadvisor.com/media/photo-s/1b/c6/87/9e/apple-wood-roasted-42.jpg,4.5,339,"2 Bayfront Avenue B1-42-44, Galleria Level, The Shoppes at Marina Bay Sands, Singapore 018958 Singapore"
CouCou Hot Pot Jewel,"Asian, Taiwanese",$$ - $$$,https://media-cdn.tripadvisor.com/media/photo-s/26/d6/84/fa/frontage.jpg,5.0,323,"78 Airport Boulevard Jewel Changi Airport Floor 02 Unit 208 209, Singapore 819666 Singapore"
Joie Restaurant - Meatless Cuisine,"Asian, Contemporary",$$$$,https://media-cdn.tripadvisor.com/media/photo-s/1a/87/98/3a/joie-by-dozo.jpg,4.5,323,"181 Orchard Road Orchard Central #12-01 Orchard Central, Singapore 238896 Singapore"
The Communal Place,"Italian, American",$$ - $$$,https://media-cdn.tripadvisor.com/media/photo-s/1c/d1/5f/20/the-communal-place.jpg,4.5,184,"465 Joo Chiat Road, Singapore 427677 Singapore"
The Ramen Stall,"Japanese, Sushi",$$ - $$$,https://media-cdn.tripadvisor.com/media/photo-s/13/c1/5e/39/abalone-ramen.jpg,4.5,474,"787 North Bridge Road, Singapore 198755 Singapore"
Spice Brasserie,"Seafood, Asian",$$ - $$$,https://media-cdn.tripadvisor.com/media/photo-s/1b/74/ea/aa/restaurant-interior.jpg,4.5,611,"181 Kitchener Road Parkroyal On Kitchener Road PARKROYAL on Kitchener Road, Singapore 208533 Singapore"
Crossroads,Cafe,$$ - $$$,https://media-cdn.tripadvisor.com/media/photo-s/05/73/7b/d7/crossroads-cafe.jpg,4.5,"1,145","320 Orchard Road Singapore Marriott Tang Plaza Hotel Singapore Marriott Tang Plaza Hotel, Singapore 238865 Singapore"
CAPPAdocia TURKISH & MEDITERRANEAN RESTAURANT,Turkish,$$ - $$$,https://media-cdn.tripadvisor.com/media/photo-f/27/6d/bb/96/caption.jpg,5.0,180,"69 Bussorah Street A 3-min walk from the Masjid Sultan, Singapore 199482 Singapore"
Grissini,"Italian, Japanese",$$ - $$$,https://media-cdn.tripadvisor.com/media/photo-s/23/3b/e1/f9/grissini-caviar.jpg,4.5,274,"392 Havelock Road Grand Copthorne Waterfront Level 1 Grand Copthorne Waterfront Hotel, Singapore 169663 Singapore"
The Rose Veranda,International,$$ - $$$,https://media-cdn.tripadvisor.com/media/photo-s/1c/6e/77/87/desserts.jpg,4.5,373,"22 Orange Grove Road, Shangri-La Hotel Tower Wing, Mezzanine Level, Singapore 258350 Singapore"
Peach Blossoms,"Chinese, Asian",$$$$,https://media-cdn.tripadvisor.com/media/photo-s/1c/b8/09/82/peach-blossoms-main-dining.jpg,4.5,634,"6 Raffles Boulevard Level 5 Marina Square, Singapore 039594 Singapore"
LAVO Italian Restaurant & Rooftop Bar,"Italian, European",$$$$,https://media-cdn.tripadvisor.com/media/photo-s/1c/e0/56/f5/ladies-gentlemen-night.jpg,4.5,"1,885","10 Bayfront Avenue Marina Bay Sands Marina Bay Sands,, Singapore 018956 Singapore"
Lawry's The Prime Rib,"American, Steakhouse",$$$$,https://media-cdn.tripadvisor.com/media/photo-s/0a/a9/6f/f8/lawry-s-main-dining-hall.jpg,4.5,"1,628","333A Orchard Road Mandarin Gallery #04-01/31 Mandarin Gallery, Singapore 238897 Singapore"
Earle Swensen's - VivoCity,"Italian, Steakhouse",$$ - $$$,https://media-cdn.tripadvisor.com/media/photo-p/26/f8/0c/9c/the-chicken-katsu-baga.jpg,4.5,255,"1 Harbourfront Walk #02-117 Vivo City VivoCity, Singapore 098585 Singapore"
G7 Sin Ma Live Seafood Restaurant,"Chinese, Seafood",$$ - $$$,https://media-cdn.tripadvisor.com/media/photo-s/13/a6/39/54/black-pepper-crab.jpg,4.5,403,"161, 163 Geylang Road Lorong 3, #01-01/02, Singapore 389240 Singapore"
Escape Steakhouse & Poolside Bar,"American, Steakhouse",$$ - $$$,https://media-cdn.tripadvisor.com/media/photo-s/1d/ab/87/e4/tajima-wagyu-striploin.jpg,4.0,425,"1 Farrer Park Station Road Connexion One Farrer Hotel, Singapore 217562 Singapore"
Manhattan,"American, Bar",$$$$,https://media-cdn.tripadvisor.com/media/photo-s/0f/2e/86/3e/manhattan-is-reminiscent.jpg,4.5,352,"1 Cuscaden Road Conrad Singapore Orchard, Singapore 249715 Singapore"
Greenleaf Cafe,"Indian, Asian",$,https://media-cdn.tripadvisor.com/media/photo-s/1a/14/dc/12/authentic-south-indian.jpg,4.5,173,"43, Cuff Road, Singapore 209753 Singapore"
Brasserie Les Saveurs,"French, European",$$$$,https://media-cdn.tripadvisor.com/media/photo-s/11/99/19/13/20171226-195717-largejpg.jpg,4.5,904,"29 Tanglin Road St. Regis Hotel Singapore The St. Regis Singapore, Singapore 247911 Singapore"
MONTI,Italian,$$$$,https://media-cdn.tripadvisor.com/media/photo-f/19/5e/60/68/with-one-of-the-best.jpg,4.5,649,"Monti at 1-Pavilion, 82 Collyer Quay Monti At The Fullerton Pavilion, Singapore 049327 Singapore"
Wine & Chef,"Wine Bar, European",$$ - $$$,https://media-cdn.tripadvisor.com/media/photo-s/1d/27/7d/a5/lobster-capellini.jpg,4.5,429,"7 Keong Saik Road 01-01, Singapore 089115 Singapore"
BAKALAKI Greek Taverna,"Mediterranean, Greek",$$ - $$$,https://media-cdn.tripadvisor.com/media/photo-s/0f/80/a8/80/bakalaki.jpg,4.5,838,"38A Martin Road Martin No 38, Singapore 239072 Singapore"
MTR Singapore,"Indian, Healthy",$$ - $$$,https://media-cdn.tripadvisor.com/media/photo-s/1a/d2/fb/d2/saagu-pudi-dosa.jpg,4.5,"1,716","438 Serangoon Road Opposite Sri Srinivasa Perumal Temple, Singapore 218133 Singapore"
Elixir Boutique Roasters,Cafe,$$ - $$$,https://media-cdn.tripadvisor.com/media/photo-s/18/ec/1a/ed/elixir-boutique-roasters.jpg,4.5,121,"10 Jalan Serene, #01-03A Serene Centre, Singapore 258748 Singapore"
Flutes,European,$$$$,https://media-cdn.tripadvisor.com/media/photo-s/06/c5/32/3d/flutes.jpg,4.5,572,"93 Stamford Road National Museum of Singapore, Singapore 178897 Singapore"
Prego,"Italian, Pizza",$$ - $$$,https://media-cdn.tripadvisor.com/media/photo-s/18/e1/48/d7/prego-singapore-wood.jpg,4.5,738,"80 Bras Basah Road Level 1, Singapore 189560 Singapore"
Peppermint,"Seafood, Asian",$$ - $$$,https://media-cdn.tripadvisor.com/media/photo-s/1c/b8/01/a9/cold-station-where-chilled.jpg,4.5,931,"6 Raffles Boulevard Marina Square Level 4 of PARKROYAL COLLECTION Marina Bay, Singapore 039594 Singapore"
The Lobby Lounge,"Singaporean, Asian",$$ - $$$,https://media-cdn.tripadvisor.com/media/photo-s/16/ce/b7/9f/the-lobby-lounge-heritage.jpg,4.5,218,"22 Orange Grove Road Shangri-La Hotel Tower Wing, Lobby Level, Singapore 258350 Singapore"
SKAI,"Grill, Contemporary",$$$$,https://media-cdn.tripadvisor.com/media/photo-s/14/c9/0c/b8/skai-interior.jpg,4.5,988,"2 Stamford Road, Singapore 178882 Singapore"
Sen Of Japan,"Japanese, Seafood",$$ - $$$,https://media-cdn.tripadvisor.com/media/photo-s/1a/43/ef/ec/premium-sashimi-platter.jpg,4.5,306,"2 Bayfront Avenue Marina Bay Sands #01-86, Marina Bay Sands, Singapore 018956 Singapore"
Wakanui Grill Dining Singapore,"Steakhouse, New Zealand",$$$$,https://media-cdn.tripadvisor.com/media/photo-s/11/22/2c/b0/wakanui-spring-lamp-chop.jpg,4.5,222,"5 Straits View The Heart #04-02, Marina One The Heart West Tower, Singapore 049858 Singapore"
Town Restaurant,"European, Singaporean",$$$$,https://media-cdn.tripadvisor.com/media/photo-s/12/36/15/5a/international-buffet.jpg,4.5,"1,007","1 Fullerton Square The Fullerton Hotel, Singapore 049178 Singapore"
Borscht.sg,"Russian, Eastern European",$$ - $$$,https://media-cdn.tripadvisor.com/media/photo-s/1c/2b/5d/ef/russian-spread.jpg,4.5,120,"32 Maxwell Road Tanjong Pagar Mrt Station Tanjong Pagar Exit B, Singapore 069115 Singapore"
Beirut Grill,"Lebanese, Mediterranean",$$ - $$$,https://media-cdn.tripadvisor.com/media/photo-s/1c/c5/9d/97/lamb-chops-best-in-town.jpg,4.5,643,"72 Bussorah Street, Singapore 199485 Singapore"
665°F,Steakhouse,$$$$,https://media-cdn.tripadvisor.com/media/photo-s/26/c2/cd/26/the-main-dining-area.jpg,4.5,327,"5 Fraser Street Andaz Singapore Level 38, Singapore 189354 Singapore"
The Lighthouse,"Italian, European",$$$$,https://media-cdn.tripadvisor.com/media/photo-s/12/36/1b/ec/lobster-pasta.jpg,4.5,691,"1 Fullerton Square Fullerton Hotel The Fullerton Hotel, Singapore 049178 Singapore"
BLOSSOM Restaurant,"Chinese, Asian",$$$$,https://media-cdn.tripadvisor.com/media/photo-s/15/b2/e8/88/interior.jpg,4.5,179,"Marina Bay Sands Hotel, Lobby Tower 2, #01-05/05A, 2 Bayfront Ave, 018972, Singapore Singapore"
Aromas of India,"Indian, Asian",$$ - $$$,https://media-cdn.tripadvisor.com/media/photo-s/04/ca/fd/82/aromas-of-india.jpg,4.5,496,"60 Race Course Road, Singapore 218567 Singapore"
Pistachio Middle Eastern & Mediterranean Grill,"Mediterranean, Middle Eastern",$$ - $$$,https://media-cdn.tripadvisor.com/media/photo-s/1b/b1/6e/ec/pistachio-middle-eastern.jpg,4.5,504,"501 Orchard Road Wheelock Place #02 -04/05 Wheelock Place, Singapore 238880 Singapore"
Ginger,"Asian, Singaporean",$$ - $$$,https://media-cdn.tripadvisor.com/media/photo-s/1c/2c/7c/4b/highlights-of-ginger.jpg,4.5,249,"7500 Beach Road The Plaza PARKROYAL on Beach Road, Singapore 199591 Singapore"
Tea Lounge,International,$$ - $$$,https://media-cdn.tripadvisor.com/media/photo-s/10/e2/68/e5/tea-lounge-at-regent.jpg,4.5,421,"1 Cuscaden Road The Regent Singapore, Singapore 249715 Singapore"
Tablescape Restaurant & Bar,"European, Grill",$$ - $$$,https://media-cdn.tripadvisor.com/media/photo-s/18/19/0b/be/tablescape-620c-egg-asparagus.jpg,4.5,234,"10 Coleman Street Grand Park City Hall Level 3, Grand Park City Hall, Singapore 179809 Singapore"
Vatan Se,"Indian, Asian",$$ - $$$,https://media-cdn.tripadvisor.com/media/photo-s/14/4e/3b/87/car-o-bar.jpg,4.5,191,"368 Tanjong Katong Road, Singapore 437125 Singapore"
Byblos Grill,"Lebanese, Barbecue",$$ - $$$,https://media-cdn.tripadvisor.com/media/photo-s/1d/a2/d6/27/share-our-food.jpg,4.5,471,"14 Bussorah Street, Singapore 199435 Singapore"
Otto Ristorante,"Italian, European",$$$$,https://media-cdn.tripadvisor.com/media/photo-s/0c/44/5e/ed/photo0jpg.jpg,4.5,386,"#01-02 Red Dot Traffic Building 32 Maxwell Road, #01-02/03 Maxwell Chambers, Singapore 069115 Singapore"
Bread Street Kitchen & Bar,"European, British",$$ - $$$,https://media-cdn.tripadvisor.com/media/photo-p/1c/c3/bf/39/photo0jpg.jpg,4.0,"2,070","2 Bayfront Avenue Marina Bay Sands The Shoppes at Marina Bay Sands, 01-81, Singapore 018972 Singapore"
Alati Divine Greek Cuisine,"Seafood, Greek",$$ - $$$,https://media-cdn.tripadvisor.com/media/photo-s/15/4e/a0/07/grilled-wagyu-beef-souvlaki.jpg,4.5,347,"73 Amoy Street, Singapore 069892 Singapore"
Wing Seong Fatty's (Albert) Restaurant,"Chinese, Asian",$$ - $$$,https://media-cdn.tripadvisor.com/media/photo-s/08/db/1b/76/wing-seong-fatty-s-albert.jpg,4.5,695,"175 Bencoolen Street Burlington Square, Singapore 189649 Singapore"
The Curry Culture,"Indian, Asian",$$ - $$$,https://media-cdn.tripadvisor.com/media/photo-s/02/f6/25/f2/the-curry-culture.jpg,4.5,"1,092","31 Cuppage Road Cuppage Terrace Cuppage Rd, Singapore 229457 Singapore"
Kucina Italian Restaurant,"Italian, Pizza",$$ - $$$,https://media-cdn.tripadvisor.com/media/photo-s/1c/e3/e1/53/photo2jpg.jpg,4.5,198,"11 Tanjong Katong Road, Kinex, Floor B1 Unit 09 10 Kinex mall, Singapore 437157 Singapore"
Crossroads Buffet,Singaporean,$$ - $$$,https://media-cdn.tripadvisor.com/media/photo-s/05/73/a8/05/marriott-cafe.jpg,4.5,"1,404","320 Orchard Road Singapore Marriott Tang Plaza Hotel Singapore Marriott Tang Plaza Hotel, Singapore 238865 Singapore"
Mikuni,"Japanese, Sushi",$$$$,https://media-cdn.tripadvisor.com/media/photo-s/02/62/c5/48/mikuni-main-dining-area.jpg,4.5,649,"80 Bras Basah Road Level 3,, Singapore 189560 Singapore"
Stellar at 1-Altitude,Contemporary,$$$$,https://media-cdn.tripadvisor.com/media/photo-s/0d/e0/7b/52/take-a-trip-to-the-garden.jpg,4.0,720,"1 Raffles Place Floor 62 One Raffles Place, Singapore 048616 Singapore"
Opus Bar & Grill,"Steakhouse, Bar",$$ - $$$,https://media-cdn.tripadvisor.com/media/photo-s/24/da/7a/69/opus-grill-steak-and.jpg,4.5,630,"581 Orchard Road voco Orchard Singapore, Singapore 238883 Singapore"
CouCou Hot Pot Suntec,"Asian, Taiwanese",$$ - $$$,https://media-cdn.tripadvisor.com/media/photo-p/21/0d/e4/72/coucou.jpg,4.5,246,"3 Temasek Boulevard Suntec City Mall Suntec City Mall, Singapore 038983 Singapore"
Red Sparrow,"Asian, Vietnamese",$$ - $$$,https://media-cdn.tripadvisor.com/media/photo-s/13/7d/66/42/mien-cua.jpg,4.5,378,"Blk 11 Dempsey Road #01-18, Singapore 249673 Singapore"
Etna Italian Restaurant (Duxton),"Italian, Pizza",$$ - $$$,https://media-cdn.tripadvisor.com/media/photo-s/1c/ec/b9/71/pork.jpg,4.5,353,"49/50 Duxton Road, Singapore 089513 Singapore"
Bistecca Tuscan Steakhouse,"Italian, Steakhouse",$$$$,https://media-cdn.tripadvisor.com/media/photo-s/22/84/9a/a2/bistecca-10-year-anniversary.jpg,4.5,603,"25 Mohamed Sultan Road, Singapore 238969 Singapore"
Artemis Grill & Sky Bar,Mediterranean,$$$$,https://media-cdn.tripadvisor.com/media/photo-p/13/47/fb/8d/umbrellas.jpg,4.5,558,"138 Market Street Capitagreen Level 40 CapitaGreen Rooftop, Singapore 048946 Singapore"
Wine Connection Bistro at HillV2,"Italian, European",$$ - $$$,https://media-cdn.tripadvisor.com/media/photo-s/14/ea/8f/e3/img-20180909-183327-largejpg.jpg,4.5,587,"4 Hillview Rise The Hillier #02-05/06, Singapore 667979 Singapore"
Gayatri Restaurant,"Indian, Asian",$$ - $$$,https://media-cdn.tripadvisor.com/media/photo-p/11/97/93/20/gayatri-s-appam-incorporates.jpg,4.0,358,"122 Race Course Road, #01-01, Singapore 218583 Singapore"
Wan Hao Chinese Restaurant,"Chinese, Asian",$$$$,https://media-cdn.tripadvisor.com/media/photo-s/26/83/59/1d/wan-hao-chinese-restaurant.jpg,4.5,545,"320 Orchard Road Singapore Marriott Tang Plaza Hotel Singapore Marriott Tang Plaza Hotel, Singapore 238865 Singapore"
"The English House, By Marco Pierre White, Singapore",British,$$$$,https://media-cdn.tripadvisor.com/media/photo-s/1b/78/83/e8/roast-beef-and-all-the.jpg,4.5,422,"28 Mohamed Sultan Road, Singapore 238972 Singapore"
"Tess Bar & Kitchen, Singapore","Bar, Cafe",$$ - $$$,https://media-cdn.tripadvisor.com/media/photo-p/1c/43/eb/48/photo2jpg.jpg,4.5,245,"38 Seah Street Adjacent to Raffles Hotel, Singapore 188394 Singapore"
"Anglo Indian Cafe & Bar, Chijmes","Indian, Asian",$$ - $$$,https://media-cdn.tripadvisor.com/media/photo-s/16/f5/2d/27/anglo-indian-cafe-bar.jpg,4.5,181,"30 Victoria Street Chijmes #01-13 Chijmes, Singapore 187996 Singapore"
PIPES by HATTENDO,"Japanese, Bar",$$ - $$$,https://media-cdn.tripadvisor.com/media/photo-s/11/6b/72/ea/hattendo-classic-cream.jpg,4.5,110,"331 New Bridge Road Dorsett Residences Dorsett Residences #01-02, Singapore 078884 Singapore"
The Song of India,"Indian, Asian",$$$$,https://media-cdn.tripadvisor.com/media/photo-s/17/bb/fd/f6/restaurant.jpg,4.0,"1,344","33 Scotts Road Newton, Singapore 228226 Singapore"
PS.Cafe at Palais Renaissance,Cafe,$$ - $$$,https://media-cdn.tripadvisor.com/media/photo-s/15/d3/d2/33/fish-and-chip.jpg,4.5,427,"390 Orchard Road Palais Renaissance, Singapore 238871 Singapore"
Kazbar,Lebanese,$$ - $$$,https://media-cdn.tripadvisor.com/media/photo-s/1c/89/84/4e/shish-kebab-lamb.jpg,4.5,306,"25 Church Street Capital Square #01-03 Capital Square 3, Singapore 049482 Singapore"
The Dim Sum Place,Chinese,$$ - $$$,https://media-cdn.tripadvisor.com/media/photo-s/16/36/03/5b/feasting-with-my-friends.jpg,4.5,230,"791 North Bridge Road, Singapore 198759 Singapore"
Empress,"Chinese, Singaporean",$$ - $$$,https://media-cdn.tripadvisor.com/media/photo-s/11/8d/5e/f4/ora.jpg,4.5,707,"1 Empress Place #01-03 Empress Place Building Asian Civilisations Museum, Singapore 179555 Singapore"
Binomio,"Mediterranean, European",$$$$,https://media-cdn.tripadvisor.com/media/photo-s/06/b6/10/2b/binomio.jpg,4.5,547,"20 Craig Road Craig Place Craig Place #01-02, Singapore 089692 Singapore"
Zafferano Italian Restaurant & Lounge,"Italian, European",$$$$,https://media-cdn.tripadvisor.com/media/photo-s/17/74/c2/93/terrace-lounge-private.jpg,4.5,514,"10 Collyer Quay Ocean Financial Centre Level 43, Singapore 049315 Singapore"
Hai Tien Lo,"Chinese, Asian",$$$$,https://media-cdn.tripadvisor.com/media/photo-s/1c/56/78/c4/hai-tien-lo.jpg,4.5,442,"7 Raffles Boulevard Pan Pacific Hotel Pan Pacific Singapore, Singapore 039595 Singapore"
Coriander Leaf @ Chijmes,"Asian, Singaporean",$$ - $$$,https://media-cdn.tripadvisor.com/media/photo-s/0c/a2/d6/8c/coriander-leaf.jpg,4.5,565,"30 Victoria Street Chijmes #02-01 Chijmes, Singapore 187996 Singapore"
Lolla,"Mediterranean, European",$$ - $$$,https://media-cdn.tripadvisor.com/media/photo-w/1c/44/f6/65/photo0jpg.jpg,4.5,410,"22 Ann Siang Road, Singapore 069702 Singapore"
TWG Tea Garden at Marina Bay Sands,International,$$ - $$$,https://media-cdn.tripadvisor.com/media/photo-s/0c/d0/97/9c/love-the-icing-and-tea.jpg,4.5,402,"2 Bayfront Avenue Marina Bay Sands The Shoppes at Marina Bay Sands #B2-65/68A, Singapore 018972 Singapore"
The RANCH Steakhouse & Bar,"American, Steakhouse",$$ - $$$,https://media-cdn.tripadvisor.com/media/photo-s/1c/00/7b/f7/the-ranch-steakhouse.jpg,4.5,202,"12 Purvis Street #01-01, Singapore 188591 Singapore"
Carousel Buffet,"Seafood, Asian",$$ - $$$,https://media-cdn.tripadvisor.com/media/photo-s/1c/17/c6/da/carousel-buffet-restaurant.jpg,4.5,"2,567","25 Scotts Road Scottswalk Royal Plaza on Scotts, Singapore 228220 Singapore"
mezza9,Singaporean,$$$$,https://media-cdn.tripadvisor.com/media/photo-p/18/a8/c1/f8/mezza9.jpg,4.0,853,"10 Scotts Road Grand Hyatt Singapore Grand Hyatt Singapore, Singapore 228211 Singapore"
PS.Cafe Ann Siang Hill,"Bar, Cafe",$$ - $$$,https://media-cdn.tripadvisor.com/media/photo-s/17/45/81/c1/pscafe-ann-siang-hill.jpg,4.0,372,"45 Ann Siang Rd . #02-02, Singapore 069719 Singapore"
21 on Rajah,"Asian, Singaporean",$$ - $$$,https://media-cdn.tripadvisor.com/media/photo-s/18/c9/f4/6b/buffet-set-up-at-21-on.jpg,4.0,743,"1 Jalan Rajah Days Hotel Singapore At Zhongshan Park Days Hotel by Wyndham Singapore At Zhongshan Park, Singapore 329133 Singapore"
Sque Rotisserie & Alehouse,"Bar, European",$$ - $$$,https://media-cdn.tripadvisor.com/media/photo-s/09/df/86/7f/20151228-184009-largejpg.jpg,4.5,447,"6 Eu Tong Sen Street The Central #01-70 The Central, Singapore 059817 Singapore"
Neon Pigeon,"Asian, Dining bars",$$ - $$$,https://media-cdn.tripadvisor.com/media/photo-s/1c/66/da/d2/bar.jpg,4.5,496,"36 Carpenter Street #01-01, Singapore 059915 Singapore"
Din Tai Fung (Paragon Branch),"Chinese, Asian",$$ - $$$,https://media-cdn.tripadvisor.com/media/photo-s/15/6d/e1/5e/as-in-all-dtfs-you-can.jpg,4.0,"1,207","290 Orchard Road #03-06 the Paragon, Singapore 238859 Singapore"
La Brasserie,"French, European",$$$$,https://media-cdn.tripadvisor.com/media/photo-s/0f/d8/55/03/la-brasserie.jpg,4.0,438,"80 Collyer Quay Clifford Pier The Fullerton Bay Hotel, Singapore 049326 Singapore"
Origin Grill,"European, Contemporary",$$$$,https://media-cdn.tripadvisor.com/media/photo-s/16/6d/95/64/add-a-little-indulgence.jpg,5.0,901,"22 Orange Grove Road Shangri-La Hotel Tower Wing, Lobby Level, Singapore 258350 Singapore"
Humpback,"Bar, Seafood",$$ - $$$,https://media-cdn.tripadvisor.com/media/photo-s/13/64/a5/db/watermelon-sangria.jpg,4.5,259,"18 Bukit Pasoh Road, Singapore 089832 Singapore"
Edge Food Theatre,"Chinese, Barbecue",$$ - $$$,https://media-cdn.tripadvisor.com/media/photo-s/1c/56/70/f4/seafood-on-ice.jpg,4.5,"1,066","7 Raffles Boulevard Pan Pacific Hotel Pan Pacific Singapore, Level 3, Singapore 039595 Singapore"
Bitters & Love,"Bar, Contemporary",$$ - $$$,https://media-cdn.tripadvisor.com/media/photo-s/06/d2/e2/bf/bitters-love.jpg,4.5,252,"118 Telok Ayer Street, Singapore 068587 Singapore"
Basilico,"Italian, European",$$$$,https://media-cdn.tripadvisor.com/media/photo-s/27/a5/80/f6/basilico-is-located-on.jpg,4.5,"1,052","1 Cuscaden Road Level 2 Conrad Singapor, The Regent Singapore, Singapore 249715 Singapore"
Po,"Asian, Singaporean",$$ - $$$,https://media-cdn.tripadvisor.com/media/photo-s/0e/92/69/60/signature-classic-popiah.jpg,4.5,315,"320 Havelock Road, The Warehouse Hotel Robertson Quay, Singapore 169628 Singapore"
Keyaki Japanese Restaurant,"Japanese, Kaiseki",$$$$,https://media-cdn.tripadvisor.com/media/photo-s/1c/56/77/8d/keyaki-garden-pavilion.jpg,4.5,411,"7 Raffles Boulevard Pan Pacific Hotel Pan Pacific Singapore, Singapore 039595 Singapore"
Birds Of A Feather,"Asian, Fusion",$$ - $$$,https://media-cdn.tripadvisor.com/media/photo-s/11/28/19/5c/tofu-burger-with-maps.jpg,4.5,380,"115 Amoy Street #01-01, Singapore 069935 Singapore"
ATLAS Bar,"European, Wine Bar",$$ - $$$,https://media-cdn.tripadvisor.com/media/photo-s/0e/cb/a3/b3/getlstd-property-photo.jpg,4.5,678,"600 North Bridge Road Parkview Square Parkview Square, Singapore 188778 Singapore"
Din Tai Fung (Marina Bay Link Mall),"Chinese, Asian",$$ - $$$,https://media-cdn.tripadvisor.com/media/photo-s/03/49/c1/34/din-tai-fung-marine-bay.jpg,4.5,707,"8A Marina Boulevard #05-06 Marina Bay Link Mall, Singapore 018984 Singapore"
Trattoria Nonna Lina,"Italian, Tuscan",$$ - $$$,https://media-cdn.tripadvisor.com/media/photo-s/11/24/87/f8/grass-fed-premium-tenderloin.jpg,4.5,185,"61 Cantonment Road Near Outram Park, Singapore 089757 Singapore"
Masizzim,"Korean, Asian",$$ - $$$,https://media-cdn.tripadvisor.com/media/photo-s/0c/9e/fe/5e/20160821-154626-largejpg.jpg,4.5,111,"313 Orchard Road 313 @ Somerset #b3-02, Singapore 238895 Singapore"
Blu Kouzina,"Mediterranean, European",$$ - $$$,https://media-cdn.tripadvisor.com/media/photo-s/10/a2/32/8b/indoor-dining.jpg,4.5,"1,914","10 Dempsey Road Blk10, Singapore 247700 Singapore"
Captain K Seafood Tower,"Seafood, Soups",$$ - $$$,https://media-cdn.tripadvisor.com/media/photo-s/1d/2e/bb/1e/captain-k-seafood-boil.jpg,4.0,354,"112 Middle Road Midland House 01-00A Midland House, Singapore 188970 Singapore"
Oso Ristorante,"Mediterranean, Northern-Italian",$$$$,https://media-cdn.tripadvisor.com/media/photo-s/10/ba/73/da/the-new-oso-7.jpg,4.5,568,"100 Peck Seah Street, Oasia Hotel Downtown, 27 Floor Oasia Hotel Downtown, 27th Floor, Singapore 089859 Singapore"
iO Italian Osteria Singapore,"Italian, Mediterranean",$$ - $$$,https://media-cdn.tripadvisor.com/media/photo-p/14/a6/43/6a/io-italian-osteria.jpg,4.5,489,"4 Hillview Rise #02-01 the Hillier HillV2, Singapore 667979 Singapore"
Tsukiji Fish Market,"Japanese, Seafood",$$ - $$$,https://media-cdn.tripadvisor.com/media/photo-s/13/65/47/e0/tsukiji-fish-market.jpg,4.0,569,"181 Orchard Road #12-02 Orchard Central #01-82B Arcade @ The Capitol Kempinski, Singapore 238896 Singapore"
Sawadee Thai Cuisine,"Asian, Thai",$$ - $$$,https://media-cdn.tripadvisor.com/media/photo-s/12/e9/3f/a1/thai-red-curry-crabmeat.jpg,4.5,344,"9 Tan Quee Lan Street Tanqueelan Suites Tanqueelan Suites #01-01, Singapore 188098 Singapore"
The Landing Point,"Asian, International",$$ - $$$,https://media-cdn.tripadvisor.com/media/photo-p/11/fc/7e/c4/photo2jpg.jpg,4.0,424,"80 Collyer Quay Clifford Pier The Fullerton Bay Hotel, Singapore 049326 Singapore"
Fairytail Bar,"European, Italian",$$ - $$$,https://media-cdn.tripadvisor.com/media/photo-p/1d/45/c3/23/fairy-tail.jpg,4.5,115,"231 Outram Road D'Hotel, Singapore 169040 Singapore"
Sofra Turkish Cafe & Restaurant,"Mediterranean, Turkish",$$ - $$$,https://media-cdn.tripadvisor.com/media/photo-p/09/1a/5d/27/photo4jpg.jpg,4.0,379,"6 Raffles Boulevard Marina Square 03-129 A, Marina Square, Singapore 039594 Singapore"
"Song Fa Bak Kut Teh, Chinatown Point","Chinese, Asian",$$ - $$$,https://media-cdn.tripadvisor.com/media/photo-s/17/48/5b/8c/song-fa-chinatown-point.jpg,4.0,"1,031","133 New Bridge Road Chinatown Point Chinatown Point #01-04,, Singapore 059413 Singapore"
The Boiler (Howard Road),"Seafood, Singaporean",$$ - $$$,https://media-cdn.tripadvisor.com/media/photo-s/10/64/eb/c6/miso-dijon-salmon.jpg,4.0,481,"18 Howard Road Novelty Bizcentre #01-06, Singapore 369585 Singapore"
LeVeL33,"Bar, European",$$ - $$$,https://media-cdn.tripadvisor.com/media/photo-f/1d/90/fd/b5/beer-dining-group-shot.jpg,4.0,"2,634","8 Marina Boulevard #33-01 Marina Bay Financial Centre Marina Bay Financial Centre Tower 1, Singapore 018981 Singapore"
Fat Prince,"Turkish, Middle Eastern",$$ - $$$,https://media-cdn.tripadvisor.com/media/photo-s/19/74/19/e5/fat-prince-front-bar.jpg,4.5,373,"48 Peck Seah Street, Singapore 079317 Singapore"
The Dempsey Cookhouse & Bar,European,$$ - $$$,https://media-cdn.tripadvisor.com/media/photo-p/15/24/f2/50/photo2jpg.jpg,4.5,300,"Block 17D Dempsey Road, Singapore 249676 Singapore"
Lighthouse Bistro & Bar,"Seafood, European",$$ - $$$,https://media-cdn.tripadvisor.com/media/photo-s/12/54/dc/61/lighthouse-bistro-bar.jpg,4.5,167,"75 Jellicoe Road Wavelink Building Unit 01-00, Singapore 208738 Singapore"
Prive ACM,"Bar, Cafe",$$ - $$$,https://media-cdn.tripadvisor.com/media/photo-s/11/8d/61/74/nasi-goreng.jpg,4.0,463,"1 Empress Place Empress Place Building #01-02, Singapore 179555 Singapore"
Limoncello Pizza and Grill,"Italian, Pizza",$$ - $$$,https://media-cdn.tripadvisor.com/media/photo-s/0a/7a/6a/3f/tomahawk-wagyu.jpg,4.0,611,"95 Robertson Quay Rivergate, Singapore 238256 Singapore"
RAS The Essence of India,"Indian, Asian",$$ - $$$,https://media-cdn.tripadvisor.com/media/photo-s/10/ea/11/8c/outdoor-seating.jpg,4.0,381,"Block 3D River Valley Road #01-05A Clarke Quay, Singapore 179023 Singapore"
Shabestan Finest Persian Cuisine,"Mediterranean, Middle Eastern",$$ - $$$,https://media-cdn.tripadvisor.com/media/photo-s/1c/06/e2/40/alfresco-area-shabestan.jpg,4.0,421,"80 Mohamed Sultan Road The Pier At Robertson #01-13, The Pier At Robertson, Singapore 239013 Singapore"
Hua Yu Wee Seafood,"Chinese, Seafood",$$ - $$$,https://media-cdn.tripadvisor.com/media/photo-s/0f/85/8c/22/indoors.jpg,4.5,261,"462 Upper East Coast Road, Singapore 466508 Singapore"
Four Points Eatery,"Seafood, International",$$ - $$$,https://media-cdn.tripadvisor.com/media/photo-s/0e/61/cb/6c/four-points-eatery.jpg,4.0,447,"382 Havelock Road Four Points By Sheraton Singapore, Singapore 169629 Singapore"
Lola's Cafe,Cafe,$$ - $$$,https://media-cdn.tripadvisor.com/media/photo-s/0f/6b/3d/91/chicken-wings-with-honey.jpg,4.0,396,"5 Simon Road, Singapore 545893 Singapore"
Enjoy Eating House and Bar @ Jln Besar,"Chinese, Bar",$$ - $$$,https://media-cdn.tripadvisor.com/media/photo-s/17/14/c6/4d/singapore-style-chilli.jpg,4.5,102,"383 Jalan Besar Kam Leng Hotel Inside Kam Leng Hotel, Singapore 209001 Singapore"
CE LA VI Singapore,"Asian, Fusion",$$$$,https://media-cdn.tripadvisor.com/media/photo-f/22/fa/60/ad/sky-lounge.jpg,4.5,"7,228","1 Bayfront Avenue Marina Bay Sands Marina Bay Sands Hotel Tower3, Singapore 018971 Singapore"
Les Bouchons Ann Siang,"French, Steakhouse",$$ - $$$,https://media-cdn.tripadvisor.com/media/photo-s/1c/ea/3b/bf/les-bouchons-ann-siang.jpg,4.0,322,"7 Ann Siang Road, Singapore 069689 Singapore"
Wine Connection Cheese Bar,"European, Wine Bar",$$ - $$$,https://media-cdn.tripadvisor.com/media/photo-s/03/d1/97/b6/wine-connection-cheese.jpg,4.5,354,"11 Unity Street Robertson Walk #01-05 Robertson Walk, Singapore 237995 Singapore"
Chir Chir Fusion Chicken Factory,"Korean, Fusion",$$ - $$$,https://media-cdn.tripadvisor.com/media/photo-s/09/77/0b/7e/photo2jpg.jpg,4.5,151,"313 Orchard Road 313 @ Somerset #b3-03/04, Singapore 238895 Singapore"
Shake Farm,Healthy,$$ - $$$,https://media-cdn.tripadvisor.com/media/photo-s/17/e2/16/e9/craving-healthy-delicious.jpg,4.5,145,"50 Robinson Road Robinson Suites #01-02, Singapore 068882 Singapore"
Latteria Mozzarella Bar,"Italian, Mediterranean",$$ - $$$,https://media-cdn.tripadvisor.com/media/photo-s/15/84/28/b3/singapore-s-largest-choice.jpg,4.0,355,"40 Duxton Hill, Singapore 089618 Singapore"
Chinatown Complex,"Chinese, Asian",$,https://media-cdn.tripadvisor.com/media/photo-s/0f/44/ee/37/mercato.jpg,4.0,416,"335 Smith Street #02-127 Chinatown Complex Chinatown, Singapore 050335 Singapore"
Komala Villas Restaurant,"Indian, Asian",$,https://media-cdn.tripadvisor.com/media/photo-s/0f/70/b5/4e/img-20170531-001544-largejpg.jpg,4.0,989,"76 Serangoon Road, Singapore 217981 Singapore"
Spices Cafe (Concorde Hotel),"Seafood, Singaporean",$$ - $$$,https://media-cdn.tripadvisor.com/media/photo-s/0e/a3/ec/f1/caption.jpg,4.0,466,"100 Orchard Road Concorde Hotel And Shopping Mall, Singapore 238840 Singapore"
Arteastiq Bistro & Bar,Cafe,$$ - $$$,https://media-cdn.tripadvisor.com/media/photo-s/13/03/59/fd/arteastiq-bistro-bar.jpg,4.0,615,"68 Orchard Road Plaza Singapura #03-70/72, Plaza Singapura, Singapore 238839 Singapore"
Arbora,"Singaporean, American",$$ - $$$,https://media-cdn.tripadvisor.com/media/photo-s/1f/ae/37/e2/unique-hilltop-dining.jpg,4.0,395,"109 Mount Faber Road Faber Peak Level 2, Mount Faber Peak, Singapore 099203 Singapore"
StraitsKitchen,"Indian, Asian",$$ - $$$,https://media-cdn.tripadvisor.com/media/photo-s/10/c5/0d/2a/straitskitchen.jpg,4.0,953,"10 Scotts Road Grand Hyatt Singapore Grand Hyatt Singapore, Singapore 228211 Singapore"
Papi's Tacos,Mexican,$$ - $$$,https://media-cdn.tripadvisor.com/media/photo-s/17/bf/33/72/entrance-to-fantastic.jpg,4.5,115,"39 Seah Street Heritage Collection On Seah, Singapore 188395 Singapore"
Arteastiq Boutique Tea House,"Cafe, Contemporary",$$ - $$$,https://media-cdn.tripadvisor.com/media/photo-p/10/e5/55/16/arteastiq-s-luscious.jpg,4.0,732,"333A Orchard Road Mandarin Gallery 333 Floor 04 Unit 15 14 Orchard Road, Singapore 238897 Singapore"
Wooloomooloo Steakhouse,"Steakhouse, Australian",$$$$,https://media-cdn.tripadvisor.com/media/photo-s/1b/dd/ef/98/australian-bone-in-rib.jpg,4.0,872,"2 Stamford Road Level 3 Swissotel The Stamford, Singapore 178882 Singapore"
Burlamacco Ristorante,"Italian, European",$$ - $$$,https://media-cdn.tripadvisor.com/media/photo-s/04/11/c4/73/burlamacco-ristorante.jpg,4.0,433,"30 Stanley Street, Singapore 068739 Singapore"
Swee Choon Tim Sum Restaurant,"Chinese, Asian",$,https://media-cdn.tripadvisor.com/media/photo-s/26/96/64/9f/singapore-s-most-favourite.jpg,4.0,544,"191 Jalan Besar, Singapore 208882 Singapore"
The Halia at Singapore Botanic Gardens,"Asian, Singaporean",$$ - $$$,https://media-cdn.tripadvisor.com/media/photo-s/0a/ef/12/66/haila-restaurant.jpg,4.5,"2,308","1 Cluny Road, Ginger Garden, (enter via Tyersall Avenue) Singapore Botanic Gardens, Singapore 259569 Singapore"
Two Chefs Bar Mexican & Italian,"Italian, Mexican",$$ - $$$,https://media-cdn.tripadvisor.com/media/photo-p/13/1b/26/f1/chicken-fajitas-popular.jpg,4.5,179,"31 Ocean Way Quayside Isle #01-11, Quayside Isle, Sentosa, Singapore 098375 Singapore"
Amo,"Italian, Pizza",$$ - $$$,https://media-cdn.tripadvisor.com/media/photo-s/15/1f/23/43/sharing-plates.jpg,4.0,288,"33 Hongkong Street, Singapore 059672 Singapore"
Jim Thompson,Thai,$$$$,https://media-cdn.tripadvisor.com/media/photo-s/1b/1d/b8/eb/jim-thompson.jpg,4.0,743,"No. 45 Minden Road Dempsey Hill, Singapore 248817 Singapore"
Oriole Coffee + Bar,Cafe,$$ - $$$,https://media-cdn.tripadvisor.com/media/photo-s/1c/17/db/59/fully-loaded.jpg,4.0,485,"96 Somerset Road, Pan Pacific Serviced Suites Orchard #01-01, Singapore 238163 Singapore"
Kai Garden,"Chinese, Asian",$$ - $$$,https://media-cdn.tripadvisor.com/media/photo-s/09/fb/b7/de/kai-garden.jpg,4.0,324,"6 Raffles Boulevard Marina Square #03-128A/128B, Marina Square, Singapore 039594 Singapore"
"Morton's, The Steakhouse","American, Steakhouse",$$$$,https://media-cdn.tripadvisor.com/media/photo-s/0d/d3/41/93/main-dining-area.jpg,4.0,995,"Mandarin Oriental Singapore Fourth Storey Mandarin Oriental, Singapore 039797 Singapore"
Pete's Place,"Italian, Pizza",$$ - $$$,https://media-cdn.tripadvisor.com/media/photo-s/0f/4e/3c/8b/pete-s-place.jpg,4.0,606,"10 Scotts Road Grand Hyatt Singapore Grand Hyatt Singapore, Singapore 228211 Singapore"
The Boiler (Esplanade),"Seafood, American",$$ - $$$,https://media-cdn.tripadvisor.com/media/photo-f/13/d5/71/5f/bombdiggity-bag.jpg,4.5,203,"8 Raffles Avenue Esplanade Mall #01-13A Esplanade Annexe, Singapore 039802 Singapore"
IndoChili - Halal Indonesian Restaurant,"Singaporean, Asian",$$ - $$$,https://media-cdn.tripadvisor.com/media/photo-f/04/0e/9b/97/indochili-restaurant.jpg,4.5,330,"54 Zion Road, Singapore 247779 Singapore"
Violet Oon Singapore,Singaporean,$$ - $$$,https://media-cdn.tripadvisor.com/media/photo-s/18/40/ce/b3/img-20190707-143455-largejpg.jpg,4.5,147,"78 Airport Boulevard Jewel, Changi Airport, #01-205/206, Singapore 819666 Singapore"
Bedrock Bar and Grill,Steakhouse,$$$$,https://media-cdn.tripadvisor.com/media/photo-s/1c/16/7e/94/double-cut-dry-aged-porterhous.jpg,4.0,542,"96 Somerset Road # 01-05 Pan Pacific Serviced Suites, Orchard, Singapore 238163 Singapore"
Riders Cafe,"Cafe, European",$$ - $$$,https://media-cdn.tripadvisor.com/media/photo-s/07/a3/bc/97/salmon-with-scrambled.jpg,4.0,625,"51 Fairways Drive, Singapore 286965 Singapore"
Butcher Boy,"Asian, Grill",$$ - $$$,https://media-cdn.tripadvisor.com/media/photo-s/1c/e1/d6/6e/roast-selection.jpg,4.5,176,"31 Keong Saik Road, Singapore 089138 Singapore"
Lantern Rooftop Bar,"Bar, International",$$$$,https://media-cdn.tripadvisor.com/media/photo-s/0e/f8/eb/3a/photo1jpg.jpg,4.0,910,"80 Collyer Quay Clifford Pier Fullerton Bay Hotel, Singapore 049326 Singapore"
The Spot,"Bar, European",$$ - $$$,https://media-cdn.tripadvisor.com/media/photo-s/12/e2/65/2a/hand-chopped-beef-tartare.jpg,4.5,117,"5 Straits View The Heart Marina One #01-26/27, Intersection, Plaza Square, Singapore 018935 Singapore"
Chui Huay Lim Teochew Cuisine,"Chinese, Asian",$$ - $$$,https://media-cdn.tripadvisor.com/media/photo-s/06/b9/de/19/chui-huay-lim-teochew.jpg,4.0,381,"190 Keng Lee Road #01-02 Chui Huay Lim Club, Singapore 308409 Singapore"
Wine Connection Tapas Bar & Bistro,"French, Bar",$$ - $$$,https://media-cdn.tripadvisor.com/media/photo-s/05/38/2a/71/wine-connection-tapas.jpg,4.0,989,"11 Unity Street Robertson Walk Floor 01 Unit 19 20 11 Unity Street, Singapore 237995 Singapore"
Lucca's Trattoria,"Italian, Pizza",$$ - $$$,https://media-cdn.tripadvisor.com/media/photo-p/1c/bc/dc/9c/photo5jpg.jpg,4.5,190,"77 Tiong Bahru Road Nostalgia Hotel, Singapore 168727 Singapore"
The Marmalade Pantry at Novena,"Cafe, Fusion",$$ - $$$,https://media-cdn.tripadvisor.com/media/photo-s/1c/16/80/d1/marmalade-mac-cheese.jpg,4.0,319,"8 Sinaran Drive, #01-02/04 Oasia Hotel Novena, Singapore 307470 Singapore"
Brewerkz (Riverside Point),"American, Bar",$$ - $$$,https://media-cdn.tripadvisor.com/media/photo-s/19/42/51/f6/brewerkz-riverside-point.jpg,4.0,"1,332","30 Merchant Road Riverside Point #01-07 Riverside Point, Singapore 058282 Singapore"
Tiffin Room,Indian,$$$$,https://media-cdn.tripadvisor.com/media/photo-s/03/82/e5/9f/tiffin-room-raffles-hotel.jpg,4.0,880,"1 Beach Street Raffles Hotel Singapore, Singapore 189673 Singapore"
Zam Zam,"Indian, Asian",$,https://media-cdn.tripadvisor.com/media/photo-s/03/e4/c9/6e/zam-zam.jpg,4.0,"1,420","699 North Bridge Road Kampong Glam, Singapore 198676 Singapore"
Prive Chijmes,Bar,$$ - $$$,https://media-cdn.tripadvisor.com/media/photo-s/11/8d/62/e7/prive-chijmes.jpg,4.0,730,"30 Victoria Street #01-33 Chijmes Chijmes, Singapore 187996 Singapore"
Moosehead Kitchen-Bar,"International, European",$$ - $$$,https://media-cdn.tripadvisor.com/media/photo-s/0f/46/57/67/bone-marrow-ortiz-anchovies.jpg,4.5,293,"110 Telok Ayer Street, Singapore 068579 Singapore"
"Din Tai Fung, Suntec City","Chinese, Asian",$$ - $$$,https://media-cdn.tripadvisor.com/media/photo-s/0d/ce/2c/6a/pork-chop-rice.jpg,4.5,235,"3 Temasek Boulevard Floor 02 Suntec City Mall 302, Singapore 038983 Singapore"
Fill a Pita,"Mediterranean, Middle Eastern",$,https://media-cdn.tripadvisor.com/media/photo-s/10/e7/45/67/from-the-left-to-the.jpg,4.5,218,"3 Pickering Street Nankin Row 01-29 Nankin Row, China Square Central,, Singapore 048660 Singapore"
Al Borgo,"Italian, Pizza",$$ - $$$,https://media-cdn.tripadvisor.com/media/photo-s/10/37/d7/dd/aglio-olio-seafood.jpg,4.5,202,"383 Bukit Timah Road Alocassia Apartments #01-02 Alocassia Apartments, Singapore 259727 Singapore"
fyr,"Bar, European",$$ - $$$,https://media-cdn.tripadvisor.com/media/photo-s/14/83/61/37/starters-mains-sides.jpg,4.0,305,"19 Boon Tat Street, Singapore 069619 Singapore"
Xiao Ya Tou,"Chinese, Asian",$$ - $$$,https://media-cdn.tripadvisor.com/media/photo-p/15/8c/12/45/photo4jpg.jpg,4.0,224,"6 Duxton Hill #01-01, Singapore 089592 Singapore"
HANS IM GLUCK German Burgergrill,German,$$ - $$$,https://media-cdn.tripadvisor.com/media/photo-p/11/6e/f8/ba/hans-im-gluck-german.jpg,4.0,402,"1 Harbourfront Walk Vivo City 01-57 Vivo City Shopping Mall, Singapore 098585 Singapore"
Blu Jaz,"Bar, Pub",$$ - $$$,https://media-cdn.tripadvisor.com/media/photo-s/1a/68/84/47/blu-jaz-complete-view.jpg,4.0,367,"11 Bali Lane, Singapore 189848 Singapore"
The Coconut Club,"Asian, Singaporean",$$ - $$$,https://media-cdn.tripadvisor.com/media/photo-s/0d/b5/97/89/nasi-lemak-and-cendol.jpg,4.0,269,"269 Beach Road, Singapore 199546 Singapore"
Koon Bak Kut Teh Cafe,"Bar, Asian",$$ - $$$,https://media-cdn.tripadvisor.com/media/photo-s/12/22/7a/35/dartslive2-electronic.jpg,4.5,149,"119 Lavender Street, Singapore 338731 Singapore"
Les Bouchons Robertson Quay,"French, Steakhouse",$$ - $$$,https://media-cdn.tripadvisor.com/media/photo-s/06/4a/95/59/les-bouchons-rive-gauche.jpg,4.0,294,"60 Robertson Quay #01-02 the Quayside, Singapore 238252 Singapore"
PS.Cafe Harding,"Cafe, International",$$ - $$$,https://media-cdn.tripadvisor.com/media/photo-s/09/30/47/5b/ps-cafe.jpg,4.0,"1,441","28B Harding Road Tanglin Village, Dempsey Road, Singapore 249549 Singapore"
Brasserie Gavroche,"French, European",$$$$,https://media-cdn.tripadvisor.com/media/photo-s/0d/f9/8b/6e/tartare-de-boeuf-angus.jpg,4.0,324,"66 Tras Street, Singapore 079005 Singapore"
Samy's Curry,"Indian, Singaporean",$$ - $$$,https://media-cdn.tripadvisor.com/media/photo-s/19/08/10/3c/photo1jpg.jpg,4.0,623,"25 Dempsey Road Singapore Civil Service Sports Club, Singapore 249670 Singapore"
Prive Keppel Bay,Cafe,$$ - $$$,https://media-cdn.tripadvisor.com/media/photo-s/11/8d/60/17/keppel.jpg,4.0,983,"2 Keppel Bay Vista Marina At Keppel Bay, Singapore 098382 Singapore"
Shashlik,"Russian, Fusion",$$ - $$$,https://media-cdn.tripadvisor.com/media/photo-s/1a/fd/7c/73/shashlik-of-beef-our.jpg,4.0,430,"545 Orchard Road, 6th Floor Unit 19 Far East Shopping Centre (next to VOCO Hotel), Singapore 238882 Singapore"
Mitsuba Japanese Restaurant,"Japanese, Sushi",$$ - $$$,https://media-cdn.tripadvisor.com/media/photo-f/14/0b/34/2a/buta-enoki-beef-wrapped.jpg,4.0,496,"6 Eu Tong Sen Street The Central #03-88 Clarke Quay Central, Singapore 059817 Singapore"
Long Beach Seafood Restaurant,"Chinese, Seafood",$$ - $$$,https://media-cdn.tripadvisor.com/media/photo-s/1a/04/4e/ee/photo0jpg.jpg,4.0,602,"25 Dempsey Road Singapore Civil Service Sports Club, Singapore 249670 Singapore"
The Clifford Pier,"Chinese, Asian",$$ - $$$,https://media-cdn.tripadvisor.com/media/photo-s/12/68/d9/c1/beautiful-dining-area.jpg,4.0,637,"80 Collyer Quay Clifford Pier The Fullerton Bay Hotel, Singapore 049326 Singapore"
Rubato Italian Kitchen & Wine Bar,"Italian, Pizza",$$ - $$$,https://media-cdn.tripadvisor.com/media/photo-s/0b/fa/63/5e/photo1jpg.jpg,4.0,508,"12 Greenwood Avenue Hillcrest Park, Singapore 289204 Singapore"
Copper Chimney,"Indian, Asian",$$ - $$$,https://media-cdn.tripadvisor.com/media/photo-s/0e/cb/80/07/kadai-prawn.jpg,4.0,399,"100 Syed Alwi Road Opposite Mustafa Centre, Singapore 207676 Singapore"
Khansama Tandoori Restaurant,"Pakistani, Indian",$$ - $$$,https://media-cdn.tripadvisor.com/media/photo-s/19/bf/05/22/photo1jpg.jpg,4.0,765,"166 Serangoon Road Little India Junction of Norris Road, Singapore 218050 Singapore"
Pasta Brava Italian Restaurant,"Italian, European",$$ - $$$,https://media-cdn.tripadvisor.com/media/photo-p/11/f5/5a/68/crayfish-seafood-marinara.jpg,4.0,703,"33 Erskine Road The Scarlet Hotel #01-13 Scarlet Hotel, Singapore 069333 Singapore"
Quentin's Eurasian Restaurant,"Asian, Singaporean",$$ - $$$,https://media-cdn.tripadvisor.com/media/photo-s/1b/2e/08/9a/eurasian-tasting-set.jpg,4.5,256,"139 Ceylon Road Eurasian Community House Eurasian Community House, Level 1, Singapore 429744 Singapore"
Palm Beach Seafood Restaurant,"Chinese, Seafood",$$$$,https://media-cdn.tripadvisor.com/media/photo-p/15/68/a4/c5/photo0jpg.jpg,4.0,"1,183","1 Fullerton Road One Fullerton #01-09 One Fullerton, Singapore 049213 Singapore"
Xin Cuisine Chinese restaurant,"Chinese, Asian",$$ - $$$,https://media-cdn.tripadvisor.com/media/photo-s/0f/1e/b1/01/common-area-4.jpg,4.5,157,"317 Outram Road Singapore 169075 Holiday Inn Singapore Atrium, Singapore 169075 Singapore"
East Coast Lagoon Food Village,"Seafood, Asian",$,https://media-cdn.tripadvisor.com/media/photo-s/1a/e1/58/ef/satay-by-the-beach.jpg,4.0,229,"1220 East Coast Parkway, Singapore 468960 Singapore"
Uya Japanese Unagi Restaurant,"Japanese, Asian",$$ - $$$,https://media-cdn.tripadvisor.com/media/photo-s/13/d9/7d/73/sashimi-rice-bowl-23.jpg,4.5,133,"501 Orchard Road Wheelock Place Wheelock Place #02-15/16, Singapore 238880 Singapore"
Seasonal Tastes,"Seafood, Asian",$$ - $$$,https://media-cdn.tripadvisor.com/media/photo-s/18/56/68/a6/seasonal-tastes-seafood.jpg,4.0,510,"12 Marina View Asia Square Tower 2 Level 32, Singapore 018961 Singapore"
The Populus Coffee and Food Co,Cafe,$$ - $$$,https://media-cdn.tripadvisor.com/media/photo-s/16/d7/76/dd/fried-chicken-burger.jpg,4.0,493,"146 Neil Road, Singapore 088875 Singapore"
The Drunken Poet,"Irish, Bar",$$ - $$$,https://media-cdn.tripadvisor.com/media/photo-s/26/90/2a/de/storefront.jpg,4.0,145,"400 Orchard Road Orchard Towers 01 -29C Orchard Towers, Singapore 238875 Singapore"
No Menu,"Italian, Mediterranean",$$$$,https://media-cdn.tripadvisor.com/media/photo-s/1c/74/ef/d5/20201223-210843-largejpg.jpg,4.0,375,"23 Boon Tat Street, Singapore 069621 Singapore"
Ding Dong,"Asian, Singaporean",$$ - $$$,https://media-cdn.tripadvisor.com/media/photo-s/04/8f/21/e2/ding-dong.jpg,4.0,335,"115 Amoy Street, Singapore 069935 Singapore"
Sushi Jin,"Japanese, Sushi",$$$$,https://media-cdn.tripadvisor.com/media/photo-s/18/22/84/4f/photo1jpg.jpg,4.5,127,"1 Farrer Park Station Road Connexion Access Via One Farrer Hotel & Spa, 01-11 12, Singapore 217562 Singapore"
Mondo Mio,"Italian, Mediterranean",$$ - $$$,https://media-cdn.tripadvisor.com/media/photo-s/0f/a5/3e/97/mondo-mio-restaurant.jpg,4.0,276,"30 Robertson Quay Village Residence Robertson Quay Riverside View #01-02A, Singapore 238251 Singapore"
Punjab Grill,"Indian, Asian",$$$$,https://media-cdn.tripadvisor.com/media/photo-s/0f/f7/72/1c/kurkuri.jpg,4.0,660,"10 Bayfront Avenue Marina Bay Sands B1-01a, Singapore 018956 Singapore"
Lime Restaurant,"Asian, Singaporean",$$ - $$$,https://media-cdn.tripadvisor.com/media/photo-s/05/b0/0a/35/lime.jpg,4.0,656,"3 Upper Pickering Street Parkroyal On Pickering PARKROYAL COLLECTION Pickering, Singapore 058289 Singapore"
One-Ninety Restaurant,International,$$$$,https://media-cdn.tripadvisor.com/media/photo-s/16/b5/b0/e6/one-ninety-lunch-semi.jpg,4.5,182,"190 Orchard Boulevard Four Seasons Hotel Four Seasons Hotel, Singapore 248646 Singapore"
PS.Cafe Paragon,"Cafe, International",$$ - $$$,https://media-cdn.tripadvisor.com/media/photo-s/09/30/8f/08/ps-cafe.jpg,4.0,364,"290 Orchard Road The Paragon #03-41/42 Level 3 Paragon Shopping Centre, Singapore 238859 Singapore"
JUMBO Seafood (ION Orchard),"Chinese, Seafood",$$ - $$$,https://media-cdn.tripadvisor.com/media/photo-s/1a/2c/01/78/dining-area.jpg,4.0,302,"2 Orchard Turn #04-09/10 ION Orchard, Singapore 238801 Singapore"
15 Stamford By Alvin Leung,"Asian, Singaporean",$$$$,https://media-cdn.tripadvisor.com/media/photo-s/17/4b/79/9e/restaurant-interior.jpg,4.0,227,"15 Stamford Road The Capitol Kempinski Hotel Singapore The Capitol Kempinski Hotel, Singapore 178906 Singapore"
LONG BEACH UDMC,"Seafood, Singaporean",$$ - $$$,https://media-cdn.tripadvisor.com/media/photo-s/0f/88/5c/d6/black-pepper-crab.jpg,4.0,706,"#01-04, East Coast Seafood Centre, Singapore 609601 Singapore"
GRUB,"Bar, Cafe",$$ - $$$,https://media-cdn.tripadvisor.com/media/photo-p/11/f7/6a/4b/deluxe-cheeseburger.jpg,4.0,449,"30 Stevens Road 01-06, Singapore 257840 Singapore"
Brotzeit Vivocity,"German, Bar",$$ - $$$,https://media-cdn.tripadvisor.com/media/photo-s/1a/fb/57/eb/brand-identity.jpg,4.0,599,"1 Harbourfront Walk Vivo City VivoCity #01-149/151, Singapore 098585 Singapore"
Violet Oon Singapore ION,"Asian, Singaporean",$$ - $$$,https://media-cdn.tripadvisor.com/media/photo-s/17/e2/98/c8/photo0jpg.jpg,4.0,316,"2 Orchard Turn Ion Orchard ION Orchard #03-28/29, Singapore 238801 Singapore"
The Grand Lobby,British,$$$$,https://media-cdn.tripadvisor.com/media/photo-s/08/49/d6/45/raffles-high-tea.jpg,4.0,561,"1 Beach Road Grand Lobby, Raffles Singapore Hotel, Singapore 189673 Singapore"
Brazil Churrasco,"Steakhouse, Brazilian",$$ - $$$,https://media-cdn.tripadvisor.com/media/photo-s/08/9b/27/4e/brazil-churrascaria.jpg,4.0,275,"14/16 Sixth Avenue Bukit Timah Road, Singapore 276476 Singapore"
OverEasy,"American, Bar",$$ - $$$,https://media-cdn.tripadvisor.com/media/photo-s/12/9d/7c/7a/overeasy-fullerton.jpg,4.0,984,"1 Fullerton Road One Fullerton #01-06, Singapore 049213 Singapore"
Mustard,"Indian, Asian",$$ - $$$,https://media-cdn.tripadvisor.com/media/photo-s/1c/6c/0e/f2/mustard.jpg,4.0,301,"Race course road Little India, Singapore Singapore"
Yummy Punjaby,"Bar, Indian",$$ - $$$,https://media-cdn.tripadvisor.com/media/photo-s/1d/13/ab/63/yummy-punjaby-alexandra.jpg,4.5,241,"321 Alexandra Road Alexandra Central Alexandra Central Mall, #01-07, Singapore 159971 Singapore"
La Nonna,"Italian, Pizza",$$ - $$$,https://media-cdn.tripadvisor.com/media/photo-s/0f/35/b9/2a/photo2jpg.jpg,4.0,324,"26/26B Lorong Mambong, Singapore 277685 Singapore"
Kilo Kitchen,"Bar, International",$$ - $$$,https://media-cdn.tripadvisor.com/media/photo-s/15/c3/55/a7/kilo-kitchen-entrance.jpg,4.5,295,"97 Duxton Road, Singapore 089541 Singapore"
JUMBO Seafood (Dempsey Hill),"Chinese, Seafood",$$ - $$$,https://media-cdn.tripadvisor.com/media/photo-s/0e/1c/c0/e7/caption.jpg,4.0,"1,165","Block 11 Dempsey Road #01-16, Singapore 249673 Singapore"
Jumbo Seafood (Jewel Changi Aiport),"Chinese, Seafood",$$ - $$$,https://media-cdn.tripadvisor.com/media/photo-s/1c/20/36/8c/20201004-181102-largejpg.jpg,4.5,126,"78 Airport Boulevard Jewel Changi Airport, Singapore 819666 Singapore"
Marche Movenpick,"Swiss, European",$$ - $$$,https://media-cdn.tripadvisor.com/media/photo-p/08/4b/bc/f8/the-drinks.jpg,4.0,525,"1 Harbourfront Walk Vivo City #03-14 VivoCity, Singapore 098585 Singapore"
Crossings Cafe,Cafe,$$ - $$$,https://media-cdn.tripadvisor.com/media/photo-s/05/30/87/f8/profiteroles.jpg,4.5,115,"55 Waterloo Street Catholic Centre #01-01, Singapore 187954 Singapore"
Napoleon Food & Wine Bar,"Gastropub, French",$$ - $$$,https://media-cdn.tripadvisor.com/media/photo-s/08/78/d5/d3/napoleon-food-wine-bar.jpg,4.0,417,"206 Telok Ayer Street, Singapore 068641 Singapore"
Katong Kitchen,"International, Asian",$$ - $$$,https://media-cdn.tripadvisor.com/media/photo-s/13/09/2f/75/katong-kitchen-interior.jpg,4.0,259,"25 Marine Parade Village Hotel Katong Village Hotel Katong Level 4, Singapore 449536 Singapore"
Chin Chin Eating House,"Chinese, Asian",$,https://media-cdn.tripadvisor.com/media/photo-s/0e/23/c6/61/photo3jpg.jpg,4.0,301,"19 Purvis Street, Singapore Singapore"
Kailash Parbat,"Indian, Asian",$$ - $$$,https://media-cdn.tripadvisor.com/media/photo-p/14/07/96/57/new-branch.jpg,4.0,581,"3 Belilios Road Hilton Garden Inn Singapore Serangoon #01-03 Hilton Garden Inn,, Singapore 219924 Singapore"
GRETL German Burger Grill,"European, German",$$ - $$$,https://media-cdn.tripadvisor.com/media/photo-s/26/d4/66/6c/german-burger-grill.jpg,4.0,230,"362 Orchard Road International Building, Singapore 238887 Singapore"
Newton Food Centre,"Chinese, Indian",$,https://media-cdn.tripadvisor.com/media/photo-s/03/05/3f/51/newton-food-centre.jpg,4.0,"1,120","500 Clemenceau Avenue North within walking range of Newton MRT station, Singapore 229495 Singapore"
10 Scotts,"International, Contemporary",$$ - $$$,https://media-cdn.tripadvisor.com/media/photo-s/0f/4e/6b/ff/10-scotts.jpg,4.0,342,"10 Scotts Road Grand Hyatt Singapore Grand Hyatt Singapore, Singapore 228211 Singapore"
Lime House Caribbean,"Caribbean, Bar",$$ - $$$,https://media-cdn.tripadvisor.com/media/photo-s/22/2d/6e/9e/caption.jpg,4.0,284,"2 Jiak Chuan Road, Singapore 089260 Singapore"
Nanbantei,"Japanese, Barbecue",$$ - $$$,https://media-cdn.tripadvisor.com/media/photo-p/1a/86/e3/ae/photo0jpg.jpg,4.0,310,"14 Scotts Road # 05 Far East Plaza 132, Singapore 228213 Singapore"
Prive Somerset,Cafe,$$ - $$$,https://media-cdn.tripadvisor.com/media/photo-s/1a/1e/14/93/20191124-133901-largejpg.jpg,4.5,160,"313 Orchard Road #01-28 313 @ Somerset, Singapore 238895 Singapore"
Artichoke,"Mediterranean, Middle Eastern",$$ - $$$,https://media-cdn.tripadvisor.com/media/photo-s/1d/cb/b2/04/caption.jpg,4.0,382,"161 Middle Road Sculpture Square, Singapore 188978 Singapore"
Chatterbox,"Chinese, Asian",$$ - $$$,https://media-cdn.tripadvisor.com/media/photo-s/22/b7/c5/4d/chatterbox-signature.jpg,4.0,992,"333 Orchard Road Mandarin Orchard Singapore Level 5, Hilton Singapore Orchard, Singapore 238867 Singapore"
Caruso Italian Restaurant,"Italian, Pizza",$$ - $$$,https://media-cdn.tripadvisor.com/media/photo-s/16/16/6f/fd/caruso.jpg,4.5,149,"791 Bukit Timah Road #01-01, Singapore 269764 Singapore"
Super Loco Customs House,"Mexican, Bar",$$ - $$$,https://media-cdn.tripadvisor.com/media/photo-s/12/df/5e/b4/fiesta-fridays.jpg,4.5,207,"70 Collyer Quay Customs House #01-04 Customs House, Singapore 049323 Singapore"
Spize,Asian,$$ - $$$,https://media-cdn.tripadvisor.com/media/photo-s/0e/ef/13/e7/spize-rifle-range.jpg,4.0,267,"131 Rifle Range Road #03-04, Temasek Club, Singapore 588406 Singapore"
NAMI Restaurant and Bar,"Japanese, Sushi",$$$$,https://media-cdn.tripadvisor.com/media/photo-s/13/05/75/fb/nami-interior.jpg,4.5,143,"22 Orange Grove Road, Shangri-La Hotel Tower Wing, Lobby Level, Singapore 258350 Singapore"
Al Forno,"Italian, Pizza",$$ - $$$,https://media-cdn.tripadvisor.com/media/photo-s/15/74/e3/d5/hi-i-am-alessandro-di.jpg,4.0,366,"400 East Coast Road Reddoorz Near Marine Parade Central, Singapore 428996 Singapore"
Tandoor,"Indian, Asian",$$$$,https://media-cdn.tripadvisor.com/media/photo-s/09/ca/69/18/tandoor-sunday-brunch.jpg,4.0,397,"11 Cavenagh Road Holiday Inn Singapore Orchard City Centre Holiday Inn Singapore Orchard City Centre, Singapore 229616 Singapore"
PS.Cafe Raffles City,"Cafe, International",$$ - $$$,https://media-cdn.tripadvisor.com/media/photo-s/17/45/7d/a1/pscafe-raffles-city.jpg,4.0,439,"252 North Bridge Road Raffles City Shopping Centre #03-37, Singapore 179103 Singapore"
Wee Nam Kee Hainanese Chicken Rice Restaurant,"Chinese, Singaporean",$,https://media-cdn.tripadvisor.com/media/photo-s/12/f3/b5/e0/don-t-botherroast-chicken.jpg,4.0,481,"6 Raffles Boulevard Marina Square Marina Square, Singapore 039594 Singapore"
I am...,"Dutch, European",$$ - $$$,https://media-cdn.tripadvisor.com/media/photo-s/0e/c6/20/59/soft-shell-crab-burger.jpg,4.0,358,"674 North Bridge Road, Singapore 188804 Singapore"
Cafe Iguana,"Mexican, Bar",$$ - $$$,https://media-cdn.tripadvisor.com/media/photo-s/05/ab/8d/cb/cafe-iguana.jpg,4.0,595,"30 Merchant Road, Riverside Point #01-03, Singapore 058282 Singapore"
Tamarind Hill Singapore By Samadhi,"Asian, Thai",$$$$,https://media-cdn.tripadvisor.com/media/photo-p/13/d1/e4/46/photo2jpg.jpg,4.0,442,"30 Labrador Villa Road, Singapore 119189 Singapore"
The Dining Room,"International, Singaporean",$$ - $$$,https://media-cdn.tripadvisor.com/media/photo-p/1a/86/9f/56/photo0jpg.jpg,4.0,214,"39 Scotts Road Sheraton Towers Hotel Sheraton Towers Singapore, Singapore 228230 Singapore"
Etna Italian Restaurant (Upper East Coast),Italian,$$ - $$$,https://media-cdn.tripadvisor.com/media/photo-s/04/72/62/40/etna-italian-restaurant.jpg,4.0,250,"110, Upper East Coast Road, Singapore 455298 Singapore"
Indian Express,Indian,$$ - $$$,https://media-cdn.tripadvisor.com/media/photo-s/16/af/44/02/indian-express.jpg,4.5,178,"38 Race Course Road, Singapore 218555 Singapore"
Sushi Ayumu by Masa Ishibashi,"Japanese, Sushi",$$$$,https://media-cdn.tripadvisor.com/media/photo-s/20/7b/46/f5/front.jpg,4.5,142,"333A Orchard Road Mandarin Gallery #04-16 Mandarin Gallery, Singapore 238897 Singapore"
The Refinery Restaurant & Bar,"Asian, Bar",$$ - $$$,https://media-cdn.tripadvisor.com/media/photo-p/19/95/a8/aa/20191006-123623-largejpg.jpg,4.0,316,"115 King George's Avenue Ann Chuan Industrial Building Unit 01-02, Singapore 208561 Singapore"
Frieda,"German, Bar",$$ - $$$,https://media-cdn.tripadvisor.com/media/photo-s/17/85/7f/22/frieda-dining.jpg,4.5,145,"13 Stamford Road Capitol Piazza Arcade @ The Capitol Kempinski, Singapore 178905 Singapore"
Nassim Hill Bakery,"Cafe, Bar",$$ - $$$,https://media-cdn.tripadvisor.com/media/photo-s/09/42/a9/62/nassim-hill-bakery.jpg,4.0,377,"56 Tanglin Road Tanglin Delivery Base #01-03, Singapore 247964 Singapore"
Herbivore,"Japanese, Sushi",$$ - $$$,https://media-cdn.tripadvisor.com/media/photo-p/1b/a2/11/cf/photo0jpg.jpg,4.5,180,"Fortune Center 190 Middle Road, Singapore Singapore"
Salt tapas & bar,"Bar, Mediterranean",$$ - $$$,https://media-cdn.tripadvisor.com/media/photo-s/07/7b/27/3c/salt-tapas-bar.jpg,4.0,555,"Raffles City #01-22A 252 North Bridge Road, Singapore 179103 Singapore"
Ristorante Da Valentino,"Italian, European",$$$$,https://media-cdn.tripadvisor.com/media/photo-s/06/6b/3c/21/ristorante-da-valentino.jpg,4.0,340,"200 Turf Club Road The Grandstand #01-19, Singapore 287994 Singapore"
Uncle Leong Seafood,"Chinese, Seafood",$$ - $$$,https://media-cdn.tripadvisor.com/media/photo-f/26/f5/7f/a3/locals-favourite-dishes.jpg,4.0,257,"6 Tebing Lane Punggol East, Singapore 828835 Singapore"
The Fabulous Baker Boy,"Cafe, International",$$ - $$$,https://media-cdn.tripadvisor.com/media/photo-s/1c/e7/3b/ce/heart-attack-french-toast.jpg,4.0,448,"28 Aliwal Street #01-01, Singapore 199918 Singapore"
Triple Three,"Asian, Singaporean",$$ - $$$,https://media-cdn.tripadvisor.com/media/photo-s/0d/39/2f/a9/ham-goes-well-with-both.jpg,4.0,615,"333 Orchard Road Mandarin Orchard Singapore Meritus Mandarin Orchard Hotel, Singapore 238867 Singapore"
Princess Terrace Authentic Penang Food,"Asian, Malaysian",$$ - $$$,https://media-cdn.tripadvisor.com/media/photo-p/1c/29/ef/dd/princes-terrace-authentic.jpg,4.0,186,"403 Havelock Road Copthorne King's Hotel Copthorne King's Hotel, Singapore 169632 Singapore"
The Marmalade Pantry at Downtown,"Cafe, Asian",$$ - $$$,https://media-cdn.tripadvisor.com/media/photo-p/1c/55/d0/d1/photo4jpg.jpg,4.0,184,"100 Peck Seah Street #01-01, Oasia Hotel Downtown, Singapore 079333 Singapore"
Botanico at The Garage,"European, Contemporary",$$ - $$$,https://media-cdn.tripadvisor.com/media/photo-s/1d/2c/2a/f3/assam-pedas-snapper.jpg,4.0,138,"50 Cluny Park Road The Garage, Level 2, Singapore 257488 Singapore"
Chop Suey Cafe,"Chinese, Asian",$$ - $$$,https://media-cdn.tripadvisor.com/media/photo-s/14/c6/c9/aa/chop-suey.jpg,4.0,227,"10 Dempsey Rd, Singapore 247700 Singapore"
Acqua e Farina,"Italian, Pizza",$$ - $$$,https://media-cdn.tripadvisor.com/media/photo-s/18/23/07/ab/photo1jpg.jpg,4.5,110,"400 Upper Bukit Timah Road Rail Mall, Singapore 678050 Singapore"
Solo Ristorante,"Italian, European",$$$$,https://media-cdn.tripadvisor.com/media/photo-f/1d/c6/1c/3b/uni-tagliolini-signature.jpg,4.5,120,"45 Amoy Street, Singapore 069871 Singapore"
Bayswater Kitchen,Seafood,$$ - $$$,https://media-cdn.tripadvisor.com/media/photo-s/11/42/8b/cc/bayswater-kitchen.jpg,4.0,255,"2 Keppel Bay Vista Marina At Keppel Bay Marina at Keppel Bay, Singapore 098382 Singapore"
Boon Tong Kee at River Valley,"Chinese, Asian",$$ - $$$,https://media-cdn.tripadvisor.com/media/photo-s/07/12/9e/dc/caption.jpg,4.0,283,"425 River Valley Road, Singapore 248324 Singapore"
Red House Seafood (Grand Copthorne),"Chinese, Seafood",$$ - $$$,https://media-cdn.tripadvisor.com/media/photo-p/12/63/c2/6f/table-full-of-food.jpg,4.0,821,"392 Havelock Road Level 2 Grand Copthorne Waterfront, Singapore 169663 Singapore"
Le Petit Chef - Singapore,"Chinese, Indian",$$$$,https://media-cdn.tripadvisor.com/media/photo-s/1b/be/2a/24/le-petit-chef-singapore.jpg,4.5,141,"10 Scotts Road Grand Hyatt Singapore Grand Hyatt Singapore, Singapore 228211 Singapore"
Ciao@,"Italian, Pizza",$$ - $$$,https://media-cdn.tripadvisor.com/media/photo-s/18/88/af/4f/photo6jpg.jpg,4.5,179,"8 Haji Lane Back Entrance 39 Arab St, #01-01, Singapore 189201 Singapore"
Brewerkz (Orchard Rendezvous Hotel),"Bar, Pub",$$ - $$$,https://media-cdn.tripadvisor.com/media/photo-s/06/34/ab/5b/brewerkz.jpg,4.0,250,"1 Tanglin Road Orchard Parade Hotel #01-08 Orchard Rendezvous Hotel, Singapore 247905 Singapore"
Din Tai Fung (RWS Branch),"Chinese, Asian",$$ - $$$,https://media-cdn.tripadvisor.com/media/photo-p/12/41/67/c1/photo1jpg.jpg,4.0,311,"26 Sentosa Gateway Resorts World Sentosa Floor 01 Unit 222 217, Singapore 098138 Singapore"
Xi Yan Shaw,"Seafood, Contemporary",$$ - $$$,https://media-cdn.tripadvisor.com/media/photo-s/0f/29/98/96/xi-yan-shaw-singapore.jpg,4.0,176,"1 Scotts Road Shaw Centre Shaw Centre, #03-12/13, Singapore 228208 Singapore"
Vatos Urban Tacos,"Mexican, Bar",$$ - $$$,https://media-cdn.tripadvisor.com/media/photo-s/12/a4/cf/7b/vatos-great-for-sharing.jpg,4.0,423,"36 Beach Road The South Beach Unit 01-03, Singapore 189766 Singapore"
Tien Court Restaurant,"Chinese, Asian",$$ - $$$,https://media-cdn.tripadvisor.com/media/photo-s/1c/73/3d/91/tien-court-restaurant.jpg,4.0,124,"403 Havelock Road Copthorne King's Hotel, Singapore 169632 Singapore"
Straits Cafe,"Singaporean, International",$$ - $$$,https://media-cdn.tripadvisor.com/media/photo-s/13/09/2b/56/straits-cafe-interior.jpg,4.0,301,"9 Bras Basah Road Rendezvous Hotel Singapore Level 1, Singapore 189559 Singapore"
Caffe Fernet,"Bar, Italian",$$ - $$$,https://media-cdn.tripadvisor.com/media/photo-p/1c/61/3a/35/photo3jpg.jpg,4.0,164,"70 Collyer Quay Customs House #01-05, Singapore 049323 Singapore"
Muddy Murphy's Irish Pub,"Irish, Bar",$$ - $$$,https://media-cdn.tripadvisor.com/media/photo-s/0d/bf/22/0a/muddy-murphy-s-interior.jpg,4.0,297,"442 Orchard Road Orchard Hotel Singapore #01-02 to 05 Claymore Connect, Singapore 238879 Singapore"
Hard Rock Cafe,"American, Bar",$$ - $$$,https://media-cdn.tripadvisor.com/media/photo-s/0d/eb/dd/6d/photo0jpg.jpg,4.0,"1,020","50 Cuscaden Road, Hpl House #02-01 #02-01, HPL House, Singapore 249724 Singapore"
Potato Head Singapore,"American, Bar",$$ - $$$,https://media-cdn.tripadvisor.com/media/photo-s/15/21/b9/36/best-burger-in-singapore.jpg,4.0,502,"36 Keong Saik Road, Singapore 089143 Singapore"
Wild Rocket @ Mount Emily,"Asian, Singaporean",$$$$,https://media-cdn.tripadvisor.com/media/photo-s/0d/c8/2a/c0/interior.jpg,4.0,231,"10A Upper Wilkie Road Mount Emily Hotel Hangout Hotel, Singapore 228119 Singapore"
Newton Hawker Centre,"Chinese, Seafood",$,https://media-cdn.tripadvisor.com/media/photo-s/02/a1/0f/df/filename-flo-3253-jpg.jpg,3.5,819,"130A Clemenceau Avenue Newton Circus, Singapore 239928 Singapore"
Vespetta Italian Restaurant,"Italian, Pizza",$$ - $$$,https://media-cdn.tripadvisor.com/media/photo-s/16/2f/ea/4e/squid-ink-tagliolini.jpg,4.5,151,"40 Boat Quay, Singapore 049829 Singapore"
Sabai Fine Thai on the Bay,"Asian, Thai",$$ - $$$,https://media-cdn.tripadvisor.com/media/photo-s/19/cc/48/6d/the-decoration-is-elegantly.jpg,4.0,280,"70 Collyer Quay Customs House Customs House, Singapore 049323 Singapore"
La Salsa,"Mexican, Latin",$$ - $$$,https://media-cdn.tripadvisor.com/media/photo-s/17/7c/ff/bd/eatdrinkmusicsociallive.jpg,4.0,216,"Block 11, Dempsey Road, #01-17. Singapore 249673, Singapore 249673 Singapore"
Bayang,"Asian, Indonesian",$$ - $$$,https://media-cdn.tripadvisor.com/media/photo-s/18/61/46/fe/img-20190719-211940-largejpg.jpg,4.0,175,"3A River Valley Road Merchants' Court #01-05, Singapore 179020 Singapore"
Capri Trattoria & Pizzeria,"Italian, Pizza",$$ - $$$,https://media-cdn.tripadvisor.com/media/photo-s/11/63/13/8f/airflown-live-boston.jpg,4.5,173,"3 Binjai Park Binjai Park 3 Binjai Park, Singapore 589819 Singapore"
Cook & Brew,"Bar, International",$$ - $$$,https://media-cdn.tripadvisor.com/media/photo-s/0e/f6/7c/db/cook-brew.jpg,4.0,261,"12 Marina View Asia Square Tower 2 The Westin Singapore, Singapore 018961 Singapore"
Blue Jasmine,"Asian, Thai",$$ - $$$,https://media-cdn.tripadvisor.com/media/photo-s/11/15/d8/58/signature-dessert-mango.jpg,4.0,170,"10 Farrer Park Station Road Level 5, Holiday Inn Singapore Little India, Singapore 217564 Singapore"
Ng Ah Sio Pork Ribs Soup Eating House (Rangoon Road),"Chinese, Asian",$$ - $$$,https://media-cdn.tripadvisor.com/media/photo-s/03/d1/a5/1b/ng-ah-sio-pork-ribs-soup.jpg,4.0,266,"208 Rangoon Road Hong Building Hong Building, Singapore 218453 Singapore"
Pasta Fresca Da Salvatore,"Italian, Pizza",$$ - $$$,https://media-cdn.tripadvisor.com/media/photo-s/05/48/15/2c/pasta-fresca-da-salvatore.jpg,4.0,341,"30 Boat Quay, Singapore 049819 Singapore"
Asia Grand,"Chinese, Asian",$$ - $$$,https://media-cdn.tripadvisor.com/media/photo-s/0d/a3/3c/d2/photo1jpg.jpg,4.0,191,"331 North Bridge Road Odeon Towers, Singapore 188720 Singapore"
Pizza Fabbrica,"Italian, Pizza",$$ - $$$,https://media-cdn.tripadvisor.com/media/photo-s/16/13/e2/a9/delicious-pizza.jpg,4.0,235,"8 Haji Lane, Singapore 189201 Singapore"
The Carvery,Contemporary,$$ - $$$,https://media-cdn.tripadvisor.com/media/photo-s/1b/45/bc/ee/our-carving-station-where.jpg,4.0,285,"323 Alexandra Road Alexandra Central Level 7, Park Hotel Alexandra, Singapore 159972 Singapore"
Jaggi's Northern Indian Cuisine,"Indian, Asian",$$ - $$$,https://media-cdn.tripadvisor.com/media/photo-s/15/5d/35/37/facade.jpg,4.0,269,"142 Race Course Road #34-36 Ritz @ Farrer, Singapore 218593 Singapore"
Shahi Maharani North Indian Restaurant,"Indian, Asian",$$$$,https://media-cdn.tripadvisor.com/media/photo-p/11/d6/9f/5d/photo2jpg.jpg,4.0,322,"252 North Bridge Road #03-21B Raffles City Shopping Centre, Singapore 179103 Singapore"
Dallas Restaurant & Bar (Boat Quay),"Bar, American",$$ - $$$,https://media-cdn.tripadvisor.com/media/photo-s/12/68/4a/ba/dallas-restaurant-bar.jpg,4.0,237,"31 Boat Quay, Singapore Singapore"
Element at Amara Singapore Hotel,"Seafood, International",$$ - $$$,https://media-cdn.tripadvisor.com/media/photo-s/18/34/91/1f/photo0jpg.jpg,4.0,309,"165 Tanjong Pagar Road Amara Singapore, Singapore 088539 Singapore"
Shangri-la's Rasa Sentosa Resort Restaurants,"Italian, Chinese",$$ - $$$,https://media-cdn.tripadvisor.com/media/photo-s/09/b5/39/37/shangri-la-s-rasa-sentosa.jpg,4.5,181,"101 Siloso Road Shangri-La's Rasa Sentosa Resort & Spa Shangri-La Rasa Sentosa, Singapore 098970 Singapore"
Dusk Restaurant & Bar,Central European,$$ - $$$,https://media-cdn.tripadvisor.com/media/photo-s/22/02/64/86/chef-s-premium-7-course.jpg,4.5,120,"109 Mount Faber Road Level 2, Mount Faber Peak, Singapore 099203 Singapore"
Food Capital,"International, Singaporean",$$ - $$$,https://media-cdn.tripadvisor.com/media/photo-s/27/e9/8c/9e/food-capital-best-buffet.jpg,4.0,288,"392 Havelock Road Grand Copthorne Waterfront Grand Copthorne Waterfront, Singapore 169663 Singapore"
Tatsuya,"Japanese, Sushi",$$$$,https://media-cdn.tripadvisor.com/media/photo-p/15/cb/1b/05/photo7jpg.jpg,4.0,308,"22 Scotts Road Goodwood Park Hotel, Singapore 228221 Singapore"
TWG Tea at ION Orchard,International,$$ - $$$,https://media-cdn.tripadvisor.com/media/photo-s/0b/12/cf/e3/twg-tea-at-ion-orchard.jpg,4.0,381,"2 Orchard Turn Ion Orchard Ion Orchard Level 1 Grand Atrium, Singapore 238801 Singapore"
Chicken Up,"Asian, Korean",$$ - $$$,https://media-cdn.tripadvisor.com/media/photo-s/04/5d/19/60/chicken-up.jpg,4.0,289,"48 Tanjong Pagar Road #01-01, Singapore 088469 Singapore"
Dabbawalla,"Indian, Asian",$$ - $$$,https://media-cdn.tripadvisor.com/media/photo-s/10/33/23/9c/dabbawalla-indoor-dining.jpg,4.0,213,"60 Robertson Quay #01_10/11, Singapore 229457 Singapore"
Komala's Restaurant,"Indian, Fast food",$$ - $$$,https://media-cdn.tripadvisor.com/media/photo-s/0e/21/3b/d6/inside.jpg,4.0,260,"330 Serangoon Road #328-332, Singapore 218113 Singapore"
L'Angelus,"French, European",$$$$,https://media-cdn.tripadvisor.com/media/photo-s/15/a3/32/79/l-angelus-restaurant.jpg,4.0,217,"85 Club Street, Singapore 069453 Singapore"
Sinfonia Ristorante,"Italian, European",$$$$,https://media-cdn.tripadvisor.com/media/photo-p/12/61/19/66/photo5jpg.jpg,4.5,134,"11 Empress Place Victoria Memorial Hall 01-01 Victoria Concert Hall, Singapore 179558 Singapore"
Tandoori Culture,"Indian, Asian",$$ - $$$,https://media-cdn.tripadvisor.com/media/photo-s/17/f4/c0/7c/tandoori-culture-boon.jpg,4.5,144,"5 Boon Tat Street #01-01, Singapore 069613 Singapore"
The Peranakan,Singaporean,$$ - $$$,https://media-cdn.tripadvisor.com/media/photo-s/12/b7/3a/88/welcome-to-the-peranakan.jpg,4.0,220,"442 Orchard Road Orchard Hotel Singapore Level 2, Unit 02-01. Claymore Connect, Singapore 238879 Singapore"
Kuriya Dining,"Japanese, Asian",$$$$,https://media-cdn.tripadvisor.com/media/photo-s/0e/a2/a2/7a/photo3jpg.jpg,4.5,113,"1 Kim Seng Promenade Great World City #01-28 Great World City, Singapore 237994 Singapore"
Saveur (Purvis),"Fusion, French",$$ - $$$,https://media-cdn.tripadvisor.com/media/photo-s/04/73/ef/07/savuer.jpg,4.0,703,"5 Purvis Street, #01-04 Talib Court, Singapore 188584 Singapore"
Pince and Pints (Duxton),"Bar, Seafood",$$ - $$$,https://media-cdn.tripadvisor.com/media/photo-s/12/8e/ce/0c/ever-popular-lobster.jpg,4.0,293,"33 Duxton Road, Singapore 089497 Singapore"
La Strada,"Italian, European",$$ - $$$,https://media-cdn.tripadvisor.com/media/photo-p/12/85/48/db/la-strada.jpg,4.0,169,"1 Scotts Road Shaw Centre #01-13 Shaw Centre, Singapore 228208 Singapore"
elemen,"Asian, Fusion",$$ - $$$,https://media-cdn.tripadvisor.com/media/photo-s/17/fd/dd/e7/photo1jpg.jpg,4.0,448,"9 Raffles Boulevard Millenia Walk #01-75 Millenia Walk, Singapore 039596 Singapore"
NUDE Seafood,"Seafood, Asian",$$ - $$$,https://media-cdn.tripadvisor.com/media/photo-s/15/74/ca/96/fisherman-s-stew.jpg,4.5,115,"12 Marina Boulevard Marina Bay Financial Centre Marina Bay Financial Centre Tower 3, #01-02, Singapore 018982 Singapore"
Best Satay,"Barbecue, Asian",$,https://media-cdn.tripadvisor.com/media/photo-s/09/74/8f/54/20151029-201336-largejpg.jpg,4.0,185,"Lau Pa Sat 18 Raffles Quay, Singapore 048582 Singapore"
Ruth's Chris Steak House,"American, Steakhouse",$$$$,https://media-cdn.tripadvisor.com/media/photo-s/15/cb/7a/57/filet.jpg,4.0,292,"6 Raffles Boulevard Marina Square PARKROYAL COLLECTION Marina Bay, 4th Level, Singapore 039594 Singapore"
Imperial Treasure Super Peking Duck Restaurant,"Chinese, Asian",$$ - $$$,https://media-cdn.tripadvisor.com/media/photo-s/0c/40/f3/62/imperial-treasure-super.jpg,4.0,216,"8 Marina View #02-08 Asia Square Tower 1 8 Marina View, Singapore 018960 Singapore"
Wanton,"Chinese, Asian",$$ - $$$,https://media-cdn.tripadvisor.com/media/photo-s/0e/1d/17/80/threesome-wanton-bowl.jpg,4.0,140,"52 Amoy Street, Singapore 069878 Singapore"
Little Island Brewing Co @ South Beach,"International, Contemporary",$$ - $$$,https://media-cdn.tripadvisor.com/media/photo-s/1b/13/87/64/come-try-our-draft-cocktails.jpg,4.5,111,"26 Beach Road #1-16 #B South Beach Avenue, Singapore 189768 Singapore"
Clove,"International, Healthy",$$ - $$$,https://media-cdn.tripadvisor.com/media/photo-s/24/74/d4/b8/all-day-dining-destination.jpg,4.0,133,"2 Stamford Road Level 2, Swissôtel The Stamford, Singapore 178882 Singapore"
Don Quijote Spanish Restaurant,"European, Spanish",$$ - $$$,https://media-cdn.tripadvisor.com/media/photo-p/11/bb/2c/14/photo0jpg.jpg,4.0,331,"7 Dempsey Road #01-02, Singapore 249684 Singapore"
8 Korean BBQ,"Asian, Korean",$$ - $$$,https://media-cdn.tripadvisor.com/media/photo-s/0f/d7/1d/d3/8-korean-bbq-kimchi.jpg,4.0,271,"1 Scotts Road Shaw Centre #04-20/21, Singapore 228208 Singapore"
Sun With Moon Japanese Dining & Cafe,"Japanese, Sushi",$$ - $$$,https://media-cdn.tripadvisor.com/media/photo-s/1c/8f/dc/25/dinning-area.jpg,4.0,228,"501 Orchard Road Wheelock Place #03-15/16/17 Wheelock Place, Singapore 238880 Singapore"
PS.Cafe One Fullerton,"Bar, Cafe",$$ - $$$,https://media-cdn.tripadvisor.com/media/photo-s/17/45/83/1d/pscafe-one-fullerton.jpg,4.5,153,"1 Fullerton Road One Fullerton #02-03b /04, Singapore 049213 Singapore"
Tim Ho Wan,"Chinese, Asian",$$ - $$$,https://media-cdn.tripadvisor.com/media/photo-s/1b/4b/00/c2/2.jpg,4.0,576,"68 Orchard Road Plaza Singapura 01-29A/52 Plaza Singapura, Singapore 238839 Singapore"
Spring Court Restaurant,"Chinese, Asian",$$ - $$$,https://media-cdn.tripadvisor.com/media/photo-f/0c/8d/47/e2/spring-court-s-5-storey.jpg,4.0,314,"56 Upper Cross Street, Singapore 058348 Singapore"
RedDot BrewHouse Dempsey,"European, Bar",$$ - $$$,https://media-cdn.tripadvisor.com/media/photo-s/04/cb/08/e6/red-dot.jpg,4.0,315,"25A Dempsey Road, Singapore 247691 Singapore"
Atout,"French, European",$$$$,https://media-cdn.tripadvisor.com/media/photo-s/19/7e/10/04/photo0jpg.jpg,4.0,162,"40C Harding Road, Singapore 249548 Singapore"
Tanglin Club,"European, International",$$ - $$$,https://media-cdn.tripadvisor.com/media/photo-s/19/75/bf/42/main-clubhouse.jpg,4.0,132,"5 Stevens Road Tanglin Club, Singapore 257814 Singapore"
Original Sin,Mediterranean,$$ - $$$,https://media-cdn.tripadvisor.com/media/photo-s/0e/f4/9e/14/tiramisu.jpg,4.0,347,"#01, 43 Jln Merah Saga, 62 Holland Village Chip Bee Gardens, Singapore 278115 Singapore"
Baci Baci,Italian,$$ - $$$,https://media-cdn.tripadvisor.com/media/photo-s/1b/3d/94/c3/rocket-salad-cherry-tomatoes.jpg,4.5,130,"27 Lichfield Road Serangoon Garden Estate, Singapore 556847 Singapore"
Walking On Sunshine at Orchard Central,"Cafe, Wine Bar",$$ - $$$,https://media-cdn.tripadvisor.com/media/photo-p/18/3a/53/c0/souffle-pancake.jpg,4.5,123,"181 Orchard Road Orchard Central #03-07, Singapore 238896 Singapore"
Verre Modern Bistro & Wine Bar,"French, European",$$ - $$$,https://media-cdn.tripadvisor.com/media/photo-p/14/c2/7d/b5/food-and-service-outstanding.jpg,4.0,155,"8 Rodyk Street 8 Rodyk Floor 01 Unit 05 06, Singapore 238216 Singapore"
Chock Full of Beans,Cafe,$$ - $$$,https://media-cdn.tripadvisor.com/media/photo-p/1d/3f/e7/0d/photo0jpg.jpg,4.0,155,"4 Changi Village Road #01-2090, Singapore 500004 Singapore"
Brotzeit (Raffles City),"German, Bar",$$ - $$$,https://media-cdn.tripadvisor.com/media/photo-p/1a/fb/5b/29/sausage-platter.jpg,4.0,305,"252 North Bridge Road Raffles City Shopping Centre #01-17 Raffles City Shopping Centre, Singapore 179103 Singapore"
PeraMakan,"Asian, Singaporean",$$ - $$$,https://media-cdn.tripadvisor.com/media/photo-p/14/af/e0/a8/photo2jpg.jpg,4.0,175,"10 Bukit Chermin Road Keppel Club Level 3, Keppel Club, Singapore 109918 Singapore"
Yum Cha Restaurant,"Chinese, Asian",$$ - $$$,https://media-cdn.tripadvisor.com/media/photo-s/0d/eb/7c/4f/yum-cha-restaurant.jpg,3.5,653,"20 Trengganu Street #02-01 Jinshan Hotel off Temple street, Chinatown, Singapore 058479 Singapore"
Bochinche,"Steakhouse, Argentinian",$$ - $$$,https://media-cdn.tripadvisor.com/media/photo-s/24/ca/59/fd/beautiful-interior-of.jpg,4.0,180,"27 Club Street, Singapore 069413 Singapore"
Pietrasanta,"Italian, Pizza",$$ - $$$,https://media-cdn.tripadvisor.com/media/photo-s/03/c9/7d/5f/pietrasanta.jpg,4.0,281,"1 Fusionopolis Way #01-08 Connexis, Singapore 138632 Singapore"
Muthu's Curry - Suntec,"Indian, Asian",$$ - $$$,https://media-cdn.tripadvisor.com/media/photo-s/17/42/69/32/suntec-outlet.jpg,4.0,159,"3 Temasek Boulevard Suntec City Mall ##B1-109/177 Suntec City Mall, Singapore 038983 Singapore"
Min Jiang Goodwood Park Hotel,"Chinese, Asian",$$$$,https://media-cdn.tripadvisor.com/media/photo-s/1c/22/f7/29/min-jiang-main-dining.jpg,4.0,263,"Goodwood Park Hotel 22 Scotts Road, Singapore 228221 Singapore"
Prive Wheelock,"Bar, Cafe",$$ - $$$,https://media-cdn.tripadvisor.com/media/photo-s/11/8d/63/15/prive-orchard.jpg,4.0,327,"501 Orchard Road Wheelock Place, Singapore 238880 Singapore"
Komala Vilas Restaurant,"Indian, Asian",$,https://media-cdn.tripadvisor.com/media/photo-s/10/df/7b/de/img-20171005-080935-475.jpg,4.0,161,"76 Serangoon Road, Singapore 217981 Singapore"
Chinatown Seafood Restaurant,"Chinese, Singaporean",$$ - $$$,https://media-cdn.tripadvisor.com/media/photo-s/14/06/af/f9/chinatown-seafood-restaurant.jpg,4.0,"1,134","51 Pagoda Street, Singapore 059212 Singapore"
The Chop House Vivo City,"American, Bar",$$ - $$$,https://media-cdn.tripadvisor.com/media/photo-s/09/67/7a/61/20151031-133123-largejpg.jpg,4.0,352,"#01-161/162 VivoCity, Singapore 098585 Singapore"
La Braceria Pizza & Grill,"Italian, Pizza",$$ - $$$,https://media-cdn.tripadvisor.com/media/photo-p/1b/1a/1b/72/photo4jpg.jpg,4.0,231,"5 Greendale Avenue Greendale Court, Singapore 289501 Singapore"
La Taperia,"Mediterranean, European",$$ - $$$,https://media-cdn.tripadvisor.com/media/photo-s/1c/b7/2a/be/20210306-135132-largejpg.jpg,4.0,202,"1 Scotts Road #02-18 Shaw Centre Shaw Centre, Singapore 228208 Singapore"
Taratata Brasserie,"French, European",$$ - $$$,https://media-cdn.tripadvisor.com/media/photo-s/11/51/59/27/taratata-bistrot-singapore.jpg,4.0,247,"35A Keong Saik Road Ground Floor, Singapore 089142 Singapore"
Window on the Park,"Singaporean, International",$$ - $$$,https://media-cdn.tripadvisor.com/media/photo-s/1c/61/9f/8e/a-la-carte-lunch-dinner.jpg,3.5,488,"11 Cavenagh Road Holiday Inn Singapore Orchard City Centre Level 2 Holiday Inn Park View, Singapore 229616 Singapore"
RedDot Brewhouse,"European, Bar",$$ - $$$,https://media-cdn.tripadvisor.com/media/photo-s/15/6f/62/1f/reddot-boat-quay-frontage.jpg,4.0,218,"33/34 Boat Quay, Singapore 049823 Singapore"
Shinzo Japanese Cuisine,"Japanese, Sushi",$$$$,https://media-cdn.tripadvisor.com/media/photo-p/0e/78/0b/c7/photo2jpg.jpg,4.5,131,"17 Carpenter Street #01-01, Singapore 059906 Singapore"
Mrs Pho Bussorah,"Asian, Vietnamese",$,https://media-cdn.tripadvisor.com/media/photo-s/11/3f/39/09/photo3jpg.jpg,4.0,266,"349 Beach Road, Singapore 199570 Singapore"
Le Bistrot du Sommelier,"French, European",$$ - $$$,https://media-cdn.tripadvisor.com/media/photo-s/0f/04/d2/4d/interior-le-bistrot-du.jpg,4.0,279,"53 Armenian Street, Singapore 179940 Singapore"
Casa Tartufo,"Italian, Wine Bar",$$ - $$$,https://media-cdn.tripadvisor.com/media/photo-s/0b/a5/2b/6c/long-table-set-up.jpg,4.0,191,"6 Mohamed Sultan Road, Singapore 238956 Singapore"
Ippudo Singapore,"Japanese, Asian",$$ - $$$,https://media-cdn.tripadvisor.com/media/photo-s/11/a8/1a/30/restaurant-overview.jpg,4.0,364,"333A Orchard Road, #04-02 /03 /04 Mandarin Gallery Mandarin Gallery, Singapore 238897 Singapore"
No Signboard Seafood,"Chinese, Seafood",$$ - $$$,https://media-cdn.tripadvisor.com/media/photo-s/08/bb/11/7e/no-signboard-seafood.jpg,3.5,761,"414 Geylang Road, Singapore 389392 Singapore"
Podi & Poriyal,"Healthy, Indian",$$ - $$$,https://media-cdn.tripadvisor.com/media/photo-s/20/33/4c/6b/we-ve-attempted-to-create.jpg,4.5,121,"486 Serangoon Road, Singapore 218151 Singapore"
Yan,"Chinese, Asian",$$$$,https://media-cdn.tripadvisor.com/media/photo-s/1a/1e/0b/c6/house-special-local-lobster.jpg,4.0,315,"1 St. Andrew's Road National Gallery Singapore #05-02, National Gallery Singapore, Singapore 178957 Singapore"
Sushi Airways,"Japanese, Sushi",$$ - $$$,https://media-cdn.tripadvisor.com/media/photo-f/11/fc/db/3a/grilled-lobster-with.jpg,4.5,131,"20A Baghdad Street, Singapore 199659 Singapore"
Red Eye Smokehouse,"Southwestern, Barbecue",$$ - $$$,https://media-cdn.tripadvisor.com/media/photo-s/0e/9a/5b/9a/kansas-city-bbq-pork.jpg,4.0,113,"1 Cavan Road, Singapore 209842 Singapore"
Cafe Mosaic,"Singaporean, International",$$ - $$$,https://media-cdn.tripadvisor.com/media/photo-s/18/7d/f3/66/restaurant-interiors.jpg,4.0,306,"76 Bras Basah Road Carlton Hotel, Singapore 189558 Singapore"
Meatsmith,"American, Bar",$$ - $$$,https://media-cdn.tripadvisor.com/media/photo-p/15/fc/3a/27/photo1jpg.jpg,4.0,325,"169 Telok Ayer Street Level 2, Singapore 068620 Singapore"
Ellenborough Market Cafe,"Chinese, International",$$ - $$$,https://media-cdn.tripadvisor.com/media/photo-p/15/cc/db/65/photo2jpg.jpg,4.0,406,"20 Merchant Road Swissotel Merchant Court Singapore, Singapore 058281 Singapore"
Shish Mahal Restaurant,"Indian, Asian",$$ - $$$,https://media-cdn.tripadvisor.com/media/photo-s/11/17/73/54/photo2jpg.jpg,4.0,197,"180 Albert Street Village Hotel Albert Court #01-20 Albert Court Hotel & Mall, Singapore 189971 Singapore"
Bao Makers,"Asian, Singaporean",$$ - $$$,https://media-cdn.tripadvisor.com/media/photo-s/0a/cf/0d/c3/pork-bulgogi-bao.jpg,4.0,118,"4 Jiak Chuan Road, Singapore 089261 Singapore"
Oasis,"Barbecue, International",$$ - $$$,https://media-cdn.tripadvisor.com/media/photo-s/10/c5/06/57/oasis.jpg,4.0,132,"10 Scotts Road Grand Hyatt Singapore Grand Hyatt Singapore, Singapore 228211 Singapore"
Lucha Loco,"Mexican, Latin",$$ - $$$,https://media-cdn.tripadvisor.com/media/photo-s/1b/00/51/f1/garden-terrace-of-lucha.jpg,4.0,270,"15 Duxton Hill, Singapore 089598 Singapore"
